id;Тип квартиры;Площадь;Этаж;Цена;Цена за метр;Статус;Описание
173808883;Студия;31; 13/14 этаж;3009510;98640;Сдача ГК: 4 кв. 2019 года;"Корпус ""Ватутинки 3"". Уникальный ЖК ""Кленовые Аллеи"", расположенный в новой Москве. Комплекс находится в пешей доступности через дорогу от станции метро ""Ватутинки"".
Рядом с ЖК проходит реконструированное и расширенное Калужское шоссе  теперь это современная скоростная магистраль с освещением, остановками общественного транспорта и пешеходными дорожками. В ближайшие годы в новой Москве планируется запуск линий скоростных трамваев."
189059336;1-комн. кв.;36; 8/14 этаж;3067710;84720;Сдача ГК: 4 кв. 2019 года;"Корпус ""Ватутинки 4"". Уникальный ЖК ""Кленовые Аллеи"", расположенный в новой Москве. Комплекс находится в пешей доступности через дорогу от станции метро ""Ватутинки"".
Рядом с ЖК проходит реконструированное и расширенное Калужское шоссе  теперь это современная скоростная магистраль с освещением, остановками общественного транспорта и пешеходными дорожками. В ближайшие годы в новой Москве планируется запуск линий скоростных трамваев."
176919877;2-комн. кв.;54; 11/14 этаж;4346850;79920;Сдача ГК: 4 кв. 2019 года;"Корпус ""Ватутинки 4"". Уникальный ЖК ""Кленовые Аллеи"", расположенный в новой Москве. Комплекс находится в пешей доступности через дорогу от станции метро ""Ватутинки"".
Рядом с ЖК проходит реконструированное и расширенное Калужское шоссе  теперь это современная скоростная магистраль с освещением, остановками общественного транспорта и пешеходными дорожками. В ближайшие годы в новой Москве планируется запуск линий скоростных трамваев."
176919810;Студия;31; 12/14 этаж;3009510;98640;Сдача ГК: 4 кв. 2019 года;"Корпус ""Ватутинки 3"". Уникальный ЖК ""Кленовые Аллеи"", расположенный в новой Москве. Комплекс находится в пешей доступности через дорогу от станции метро ""Ватутинки"".
Рядом с ЖК проходит реконструированное и расширенное Калужское шоссе  теперь это современная скоростная магистраль с освещением, остановками общественного транспорта и пешеходными дорожками. В ближайшие годы в новой Москве планируется запуск линий скоростных трамваев."
187614140;Студия;32; 6/15 этаж;3207030;101232;Сдача ГК: 4 кв. 2019 года;"Корпус ""Ватутинки 2"". Уникальный ЖК ""Кленовые Аллеи"", расположенный в новой Москве. Комплекс находится в пешей доступности через дорогу от станции метро ""Ватутинки"".
Рядом с ЖК проходит реконструированное и расширенное Калужское шоссе  теперь это современная скоростная магистраль с освещением, остановками общественного транспорта и пешеходными дорожками. В ближайшие годы в новой Москве планируется запуск линий скоростных трамваев."
188649204;1-комн. кв.;39; 9/15 этаж;3354910;86400;Сдача ГК: 4 кв. 2019 года;"Корпус ""Ватутинки 2"". Уникальный ЖК ""Кленовые Аллеи"", расположенный в новой Москве. Комплекс находится в пешей доступности через дорогу от станции метро ""Ватутинки"".
Рядом с ЖК проходит реконструированное и расширенное Калужское шоссе  теперь это современная скоростная магистраль с освещением, остановками общественного транспорта и пешеходными дорожками. В ближайшие годы в новой Москве планируется запуск линий скоростных трамваев."
173808890;1-комн. кв.;40; 14/14 этаж;3756000;93456;Сдача ГК: 4 кв. 2019 года;"Корпус ""Ватутинки 3"". Уникальный ЖК ""Кленовые Аллеи"", расположенный в новой Москве. Комплекс находится в пешей доступности через дорогу от станции метро ""Ватутинки"".
Рядом с ЖК проходит реконструированное и расширенное Калужское шоссе  теперь это современная скоростная магистраль с освещением, остановками общественного транспорта и пешеходными дорожками. В ближайшие годы в новой Москве планируется запуск линий скоростных трамваев."
173808825;1-комн. кв.;37; 9/14 этаж;3778040;102944;Сдача ГК: 4 кв. 2019 года;"Корпус ""Ватутинки 3"". Уникальный ЖК ""Кленовые Аллеи"", расположенный в новой Москве. Комплекс находится в пешей доступности через дорогу от станции метро ""Ватутинки"".
Рядом с ЖК проходит реконструированное и расширенное Калужское шоссе  теперь это современная скоростная магистраль с освещением, остановками общественного транспорта и пешеходными дорожками. В ближайшие годы в новой Москве планируется запуск линий скоростных трамваев."
185987518;1-комн. кв.;39; 8/14 этаж;3868090;99488;Сдача ГК: 4 кв. 2019 года;"Корпус ""Ватутинки 3"". Уникальный ЖК ""Кленовые Аллеи"", расположенный в новой Москве. Комплекс находится в пешей доступности через дорогу от станции метро ""Ватутинки"".
Рядом с ЖК проходит реконструированное и расширенное Калужское шоссе  теперь это современная скоростная магистраль с освещением, остановками общественного транспорта и пешеходными дорожками. В ближайшие годы в новой Москве планируется запуск линий скоростных трамваев."
182169359;1-комн. кв.;40; 9/14 этаж;4020180;101648;Сдача ГК: 4 кв. 2019 года;"Корпус ""Ватутинки 3"". Уникальный ЖК ""Кленовые Аллеи"", расположенный в новой Москве. Комплекс находится в пешей доступности через дорогу от станции метро ""Ватутинки"".
Рядом с ЖК проходит реконструированное и расширенное Калужское шоссе  теперь это современная скоростная магистраль с освещением, остановками общественного транспорта и пешеходными дорожками. В ближайшие годы в новой Москве планируется запуск линий скоростных трамваев."
185987702;2-комн. кв.;54; 11/14 этаж;4346850;79920;Сдача ГК: 4 кв. 2019 года;"Корпус ""Ватутинки 4"". Уникальный ЖК ""Кленовые Аллеи"", расположенный в новой Москве. Комплекс находится в пешей доступности через дорогу от станции метро ""Ватутинки"".
Рядом с ЖК проходит реконструированное и расширенное Калужское шоссе  теперь это современная скоростная магистраль с освещением, остановками общественного транспорта и пешеходными дорожками. В ближайшие годы в новой Москве планируется запуск линий скоростных трамваев."
185987680;2-комн. кв.;60; 8/14 этаж;4711760;78048;Сдача ГК: 4 кв. 2019 года;"Корпус ""Ватутинки 4"". Уникальный ЖК ""Кленовые Аллеи"", расположенный в новой Москве. Комплекс находится в пешей доступности через дорогу от станции метро ""Ватутинки"".
Рядом с ЖК проходит реконструированное и расширенное Калужское шоссе  теперь это современная скоростная магистраль с освещением, остановками общественного транспорта и пешеходными дорожками. В ближайшие годы в новой Москве планируется запуск линий скоростных трамваев."
185987689;2-комн. кв.;60; 10/14 этаж;4743640;79008;Сдача ГК: 4 кв. 2019 года;"Корпус ""Ватутинки 4"". Уникальный ЖК ""Кленовые Аллеи"", расположенный в новой Москве. Комплекс находится в пешей доступности через дорогу от станции метро ""Ватутинки"".
Рядом с ЖК проходит реконструированное и расширенное Калужское шоссе  теперь это современная скоростная магистраль с освещением, остановками общественного транспорта и пешеходными дорожками. В ближайшие годы в новой Москве планируется запуск линий скоростных трамваев."
189145516;2-комн. кв.;56; 1/15 этаж;4827050;86880;Сдача ГК: 4 кв. 2019 года;"Корпус ""Ватутинки 2"". Уникальный ЖК ""Кленовые Аллеи"", расположенный в новой Москве. Комплекс находится в пешей доступности через дорогу от станции метро ""Ватутинки"".
Рядом с ЖК проходит реконструированное и расширенное Калужское шоссе  теперь это современная скоростная магистраль с освещением, остановками общественного транспорта и пешеходными дорожками. В ближайшие годы в новой Москве планируется запуск линий скоростных трамваев."
173808887;2-комн. кв.;56; 13/14 этаж;4852020;87408;Сдача ГК: 4 кв. 2019 года;"Корпус ""Ватутинки 3"". Уникальный ЖК ""Кленовые Аллеи"", расположенный в новой Москве. Комплекс находится в пешей доступности через дорогу от станции метро ""Ватутинки"".
Рядом с ЖК проходит реконструированное и расширенное Калужское шоссе  теперь это современная скоростная магистраль с освещением, остановками общественного транспорта и пешеходными дорожками. В ближайшие годы в новой Москве планируется запуск линий скоростных трамваев."
189145514;2-комн. кв.;56; 1/15 этаж;4869620;86880;Сдача ГК: 4 кв. 2019 года;"Корпус ""Ватутинки 2"". Уникальный ЖК ""Кленовые Аллеи"", расположенный в новой Москве. Комплекс находится в пешей доступности через дорогу от станции метро ""Ватутинки"".
Рядом с ЖК проходит реконструированное и расширенное Калужское шоссе  теперь это современная скоростная магистраль с освещением, остановками общественного транспорта и пешеходными дорожками. В ближайшие годы в новой Москве планируется запуск линий скоростных трамваев."
189145553;2-комн. кв.;57; 2/15 этаж;5013910;87840;Сдача ГК: 4 кв. 2019 года;"Корпус ""Ватутинки 2"". Уникальный ЖК ""Кленовые Аллеи"", расположенный в новой Москве. Комплекс находится в пешей доступности через дорогу от станции метро ""Ватутинки"".
Рядом с ЖК проходит реконструированное и расширенное Калужское шоссе  теперь это современная скоростная магистраль с освещением, остановками общественного транспорта и пешеходными дорожками. В ближайшие годы в новой Москве планируется запуск линий скоростных трамваев."
188942322;2-комн. кв.;59; 9/14 этаж;5098950;86160;Сдача ГК: 4 кв. 2019 года;"Корпус ""Ватутинки 3"". Уникальный ЖК ""Кленовые Аллеи"", расположенный в новой Москве. Комплекс находится в пешей доступности через дорогу от станции метро ""Ватутинки"".
Рядом с ЖК проходит реконструированное и расширенное Калужское шоссе  теперь это современная скоростная магистраль с освещением, остановками общественного транспорта и пешеходными дорожками. В ближайшие годы в новой Москве планируется запуск линий скоростных трамваев."
189145560;2-комн. кв.;57; 5/15 этаж;5195440;91776;Сдача ГК: 4 кв. 2019 года;"Корпус ""Ватутинки 2"". Уникальный ЖК ""Кленовые Аллеи"", расположенный в новой Москве. Комплекс находится в пешей доступности через дорогу от станции метро ""Ватутинки"".
Рядом с ЖК проходит реконструированное и расширенное Калужское шоссе  теперь это современная скоростная магистраль с освещением, остановками общественного транспорта и пешеходными дорожками. В ближайшие годы в новой Москве планируется запуск линий скоростных трамваев."
185987542;2-комн. кв.;61; 5/14 этаж;5215620;85488;Сдача ГК: 4 кв. 2019 года;"Корпус ""Ватутинки 3"". Уникальный ЖК ""Кленовые Аллеи"", расположенный в новой Москве. Комплекс находится в пешей доступности через дорогу от станции метро ""Ватутинки"".
Рядом с ЖК проходит реконструированное и расширенное Калужское шоссе  теперь это современная скоростная магистраль с освещением, остановками общественного транспорта и пешеходными дорожками. В ближайшие годы в новой Москве планируется запуск линий скоростных трамваев."
189145520;2-комн. кв.;59; 3/15 этаж;5327080;90720;Сдача ГК: 4 кв. 2019 года;"Корпус ""Ватутинки 2"". Уникальный ЖК ""Кленовые Аллеи"", расположенный в новой Москве. Комплекс находится в пешей доступности через дорогу от станции метро ""Ватутинки"".
Рядом с ЖК проходит реконструированное и расширенное Калужское шоссе  теперь это современная скоростная магистраль с освещением, остановками общественного транспорта и пешеходными дорожками. В ближайшие годы в новой Москве планируется запуск линий скоростных трамваев."
189145540;2-комн. кв.;59; 12/15 этаж;5395050;92160;Сдача ГК: 4 кв. 2019 года;"Корпус ""Ватутинки 2"". Уникальный ЖК ""Кленовые Аллеи"", расположенный в новой Москве. Комплекс находится в пешей доступности через дорогу от станции метро ""Ватутинки"".
Рядом с ЖК проходит реконструированное и расширенное Калужское шоссе  теперь это современная скоростная магистраль с освещением, остановками общественного транспорта и пешеходными дорожками. В ближайшие годы в новой Москве планируется запуск линий скоростных трамваев."
189145483;2-комн. кв.;59; 11/17 этаж;5358140;90816;Сдача ГК: 4 кв. 2019 года;"Корпус ""Ватутинки 1"". Уникальный ЖК ""Кленовые Аллеи"", расположенный в новой Москве. Комплекс находится в пешей доступности через дорогу от станции метро ""Ватутинки"".
Рядом с ЖК проходит реконструированное и расширенное Калужское шоссе  теперь это современная скоростная магистраль с освещением, остановками общественного транспорта и пешеходными дорожками. В ближайшие годы в новой Москве планируется запуск линий скоростных трамваев."
189076046;2-комн. кв.;58; 8/14 этаж;5531680;95456;Сдача ГК: 4 кв. 2019 года;"Корпус ""Ватутинки 3"". Уникальный ЖК ""Кленовые Аллеи"", расположенный в новой Москве. Комплекс находится в пешей доступности через дорогу от станции метро ""Ватутинки"".
Рядом с ЖК проходит реконструированное и расширенное Калужское шоссе  теперь это современная скоростная магистраль с освещением, остановками общественного транспорта и пешеходными дорожками. В ближайшие годы в новой Москве планируется запуск линий скоростных трамваев."
173808939;2-комн. кв.;72; 10/14 этаж;7625830;105504;Сдача ГК: 4 кв. 2019 года;"Корпус ""Ватутинки 4"". Уникальный ЖК ""Кленовые Аллеи"", расположенный в новой Москве. Комплекс находится в пешей доступности через дорогу от станции метро ""Ватутинки"".
Рядом с ЖК проходит реконструированное и расширенное Калужское шоссе  теперь это современная скоростная магистраль с освещением, остановками общественного транспорта и пешеходными дорожками. В ближайшие годы в новой Москве планируется запуск линий скоростных трамваев."
186186555;Студия;31; 8/14 этаж;3009510;98640;Сдача ГК: 4 кв. 2019 года;"Корпус ""Ватутинки 3"". Уникальный ЖК ""Кленовые Аллеи"", расположенный в новой Москве. Комплекс находится в пешей доступности через дорогу от станции метро ""Ватутинки"".
Рядом с ЖК проходит реконструированное и расширенное Калужское шоссе  теперь это современная скоростная магистраль с освещением, остановками общественного транспорта и пешеходными дорожками. В ближайшие годы в новой Москве планируется запуск линий скоростных трамваев."
185987625;Студия;31; 11/14 этаж;3009510;98640;Сдача ГК: 4 кв. 2019 года;"Корпус ""Ватутинки 3"". Уникальный ЖК ""Кленовые Аллеи"", расположенный в новой Москве. Комплекс находится в пешей доступности через дорогу от станции метро ""Ватутинки"".
Рядом с ЖК проходит реконструированное и расширенное Калужское шоссе  теперь это современная скоростная магистраль с освещением, остановками общественного транспорта и пешеходными дорожками. В ближайшие годы в новой Москве планируется запуск линий скоростных трамваев."
185987600;Студия;31; 10/14 этаж;3009510;98640;Сдача ГК: 4 кв. 2019 года;"Корпус ""Ватутинки 3"". Уникальный ЖК ""Кленовые Аллеи"", расположенный в новой Москве. Комплекс находится в пешей доступности через дорогу от станции метро ""Ватутинки"".
Рядом с ЖК проходит реконструированное и расширенное Калужское шоссе  теперь это современная скоростная магистраль с освещением, остановками общественного транспорта и пешеходными дорожками. В ближайшие годы в новой Москве планируется запуск линий скоростных трамваев."
176919877;2-комн. кв.;54; 11/14 этаж;4346850;79920;Сдача ГК: 4 кв. 2019 года;"Корпус ""Ватутинки 4"". Уникальный ЖК ""Кленовые Аллеи"", расположенный в новой Москве. Комплекс находится в пешей доступности через дорогу от станции метро ""Ватутинки"".
Рядом с ЖК проходит реконструированное и расширенное Калужское шоссе  теперь это современная скоростная магистраль с освещением, остановками общественного транспорта и пешеходными дорожками. В ближайшие годы в новой Москве планируется запуск линий скоростных трамваев."
185987413;3-комн. кв.;69; 9/17 этаж;6189130;89232;Сдача ГК: 4 кв. 2019 года;"Корпус ""Ватутинки 1"". Уникальный ЖК ""Кленовые Аллеи"", расположенный в новой Москве. Комплекс находится в пешей доступности через дорогу от станции метро ""Ватутинки"".
Рядом с ЖК проходит реконструированное и расширенное Калужское шоссе  теперь это современная скоростная магистраль с освещением, остановками общественного транспорта и пешеходными дорожками. В ближайшие годы в новой Москве планируется запуск линий скоростных трамваев."
189059336;1-комн. кв.;36; 8/14 этаж;3067710;84720;Сдача ГК: 4 кв. 2019 года;"Корпус ""Ватутинки 4"". Уникальный ЖК ""Кленовые Аллеи"", расположенный в новой Москве. Комплекс находится в пешей доступности через дорогу от станции метро ""Ватутинки"".
Рядом с ЖК проходит реконструированное и расширенное Калужское шоссе  теперь это современная скоростная магистраль с освещением, остановками общественного транспорта и пешеходными дорожками. В ближайшие годы в новой Москве планируется запуск линий скоростных трамваев."
185987652;Студия;31; 12/14 этаж;3009510;98640;Сдача ГК: 4 кв. 2019 года;"Корпус ""Ватутинки 3"". Уникальный ЖК ""Кленовые Аллеи"", расположенный в новой Москве. Комплекс находится в пешей доступности через дорогу от станции метро ""Ватутинки"".
Рядом с ЖК проходит реконструированное и расширенное Калужское шоссе  теперь это современная скоростная магистраль с освещением, остановками общественного транспорта и пешеходными дорожками. В ближайшие годы в новой Москве планируется запуск линий скоростных трамваев."
185987567;Студия;31; 8/14 этаж;3009510;98640;Сдача ГК: 4 кв. 2019 года;"Корпус ""Ватутинки 3"". Уникальный ЖК ""Кленовые Аллеи"", расположенный в новой Москве. Комплекс находится в пешей доступности через дорогу от станции метро ""Ватутинки"".
Рядом с ЖК проходит реконструированное и расширенное Калужское шоссе  теперь это современная скоростная магистраль с освещением, остановками общественного транспорта и пешеходными дорожками. В ближайшие годы в новой Москве планируется запуск линий скоростных трамваев."
176919793;Студия;31; 10/14 этаж;3009510;98640;Сдача ГК: 4 кв. 2019 года;"Корпус ""Ватутинки 3"". Уникальный ЖК ""Кленовые Аллеи"", расположенный в новой Москве. Комплекс находится в пешей доступности через дорогу от станции метро ""Ватутинки"".
Рядом с ЖК проходит реконструированное и расширенное Калужское шоссе  теперь это современная скоростная магистраль с освещением, остановками общественного транспорта и пешеходными дорожками. В ближайшие годы в новой Москве планируется запуск линий скоростных трамваев."
185987544;Студия;31; 7/14 этаж;3009510;98640;Сдача ГК: 4 кв. 2019 года;"Корпус ""Ватутинки 3"". Уникальный ЖК ""Кленовые Аллеи"", расположенный в новой Москве. Комплекс находится в пешей доступности через дорогу от станции метро ""Ватутинки"".
Рядом с ЖК проходит реконструированное и расширенное Калужское шоссе  теперь это современная скоростная магистраль с освещением, остановками общественного транспорта и пешеходными дорожками. В ближайшие годы в новой Москве планируется запуск линий скоростных трамваев."
174201842;Студия;31; 6/14 этаж;3009510;98640;Сдача ГК: 4 кв. 2019 года;"Корпус ""Ватутинки 3"". Уникальный ЖК ""Кленовые Аллеи"", расположенный в новой Москве. Комплекс находится в пешей доступности через дорогу от станции метро ""Ватутинки"".
Рядом с ЖК проходит реконструированное и расширенное Калужское шоссе  теперь это современная скоростная магистраль с освещением, остановками общественного транспорта и пешеходными дорожками. В ближайшие годы в новой Москве планируется запуск линий скоростных трамваев."
185987446;Студия;32; 10/15 этаж;3207030;101232;Сдача ГК: 4 кв. 2019 года;"Корпус ""Ватутинки 2"". Уникальный ЖК ""Кленовые Аллеи"", расположенный в новой Москве. Комплекс находится в пешей доступности через дорогу от станции метро ""Ватутинки"".
Рядом с ЖК проходит реконструированное и расширенное Калужское шоссе  теперь это современная скоростная магистраль с освещением, остановками общественного транспорта и пешеходными дорожками. В ближайшие годы в новой Москве планируется запуск линий скоростных трамваев."
185987450;Студия;32; 11/15 этаж;3207030;101232;Сдача ГК: 4 кв. 2019 года;"Корпус ""Ватутинки 2"". Уникальный ЖК ""Кленовые Аллеи"", расположенный в новой Москве. Комплекс находится в пешей доступности через дорогу от станции метро ""Ватутинки"".
Рядом с ЖК проходит реконструированное и расширенное Калужское шоссе  теперь это современная скоростная магистраль с освещением, остановками общественного транспорта и пешеходными дорожками. В ближайшие годы в новой Москве планируется запуск линий скоростных трамваев."
176919658;Студия;32; 12/15 этаж;3207030;101232;Сдача ГК: 4 кв. 2019 года;"Корпус ""Ватутинки 2"". Уникальный ЖК ""Кленовые Аллеи"", расположенный в новой Москве. Комплекс находится в пешей доступности через дорогу от станции метро ""Ватутинки"".
Рядом с ЖК проходит реконструированное и расширенное Калужское шоссе  теперь это современная скоростная магистраль с освещением, остановками общественного транспорта и пешеходными дорожками. В ближайшие годы в новой Москве планируется запуск линий скоростных трамваев."
185987432;Студия;32; 8/15 этаж;3207030;101232;Сдача ГК: 4 кв. 2019 года;"Корпус ""Ватутинки 2"". Уникальный ЖК ""Кленовые Аллеи"", расположенный в новой Москве. Комплекс находится в пешей доступности через дорогу от станции метро ""Ватутинки"".
Рядом с ЖК проходит реконструированное и расширенное Калужское шоссе  теперь это современная скоростная магистраль с освещением, остановками общественного транспорта и пешеходными дорожками. В ближайшие годы в новой Москве планируется запуск линий скоростных трамваев."
185987441;Студия;32; 9/15 этаж;3207030;101232;Сдача ГК: 4 кв. 2019 года;"Корпус ""Ватутинки 2"". Уникальный ЖК ""Кленовые Аллеи"", расположенный в новой Москве. Комплекс находится в пешей доступности через дорогу от станции метро ""Ватутинки"".
Рядом с ЖК проходит реконструированное и расширенное Калужское шоссе  теперь это современная скоростная магистраль с освещением, остановками общественного транспорта и пешеходными дорожками. В ближайшие годы в новой Москве планируется запуск линий скоростных трамваев."
189076040;1-комн. кв.;37; 9/15 этаж;3200830;87216;Сдача ГК: 4 кв. 2019 года;"Корпус ""Ватутинки 2"". Уникальный ЖК ""Кленовые Аллеи"", расположенный в новой Москве. Комплекс находится в пешей доступности через дорогу от станции метро ""Ватутинки"".
Рядом с ЖК проходит реконструированное и расширенное Калужское шоссе  теперь это современная скоростная магистраль с освещением, остановками общественного транспорта и пешеходными дорожками. В ближайшие годы в новой Москве планируется запуск линий скоростных трамваев."
189059327;Студия;32; 7/15 этаж;3207030;101232;Сдача ГК: 4 кв. 2019 года;"Корпус ""Ватутинки 2"". Уникальный ЖК ""Кленовые Аллеи"", расположенный в новой Москве. Комплекс находится в пешей доступности через дорогу от станции метро ""Ватутинки"".
Рядом с ЖК проходит реконструированное и расширенное Калужское шоссе  теперь это современная скоростная магистраль с освещением, остановками общественного транспорта и пешеходными дорожками. В ближайшие годы в новой Москве планируется запуск линий скоростных трамваев."
176919634;Студия;32; 10/15 этаж;3270390;103232;Сдача ГК: 4 кв. 2019 года;"Корпус ""Ватутинки 2"". Уникальный ЖК ""Кленовые Аллеи"", расположенный в новой Москве. Комплекс находится в пешей доступности через дорогу от станции метро ""Ватутинки"".
Рядом с ЖК проходит реконструированное и расширенное Калужское шоссе  теперь это современная скоростная магистраль с освещением, остановками общественного транспорта и пешеходными дорожками. В ближайшие годы в новой Москве планируется запуск линий скоростных трамваев."
187854549;1-комн. кв.;39; 5/14 этаж;3260320;83856;Сдача ГК: 4 кв. 2019 года;"Корпус ""Ватутинки 4"". Уникальный ЖК ""Кленовые Аллеи"", расположенный в новой Москве. Комплекс находится в пешей доступности через дорогу от станции метро ""Ватутинки"".
Рядом с ЖК проходит реконструированное и расширенное Калужское шоссе  теперь это современная скоростная магистраль с освещением, остановками общественного транспорта и пешеходными дорожками. В ближайшие годы в новой Москве планируется запуск линий скоростных трамваев."
189076043;1-комн. кв.;39; 8/15 этаж;3260320;83856;Сдача ГК: 4 кв. 2019 года;"Корпус ""Ватутинки 2"". Уникальный ЖК ""Кленовые Аллеи"", расположенный в новой Москве. Комплекс находится в пешей доступности через дорогу от станции метро ""Ватутинки"".
Рядом с ЖК проходит реконструированное и расширенное Калужское шоссе  теперь это современная скоростная магистраль с освещением, остановками общественного транспорта и пешеходными дорожками. В ближайшие годы в новой Москве планируется запуск линий скоростных трамваев."
180745541;1-комн. кв.;39; 9/14 этаж;3260320;83856;Сдача ГК: 4 кв. 2019 года;"Корпус ""Ватутинки 4"". Уникальный ЖК ""Кленовые Аллеи"", расположенный в новой Москве. Комплекс находится в пешей доступности через дорогу от станции метро ""Ватутинки"".
Рядом с ЖК проходит реконструированное и расширенное Калужское шоссе  теперь это современная скоростная магистраль с освещением, остановками общественного транспорта и пешеходными дорожками. В ближайшие годы в новой Москве планируется запуск линий скоростных трамваев."
176919979;1-комн. кв.;39; 8/14 этаж;3260320;83856;Сдача ГК: 4 кв. 2019 года;"Корпус ""Ватутинки 4"". Уникальный ЖК ""Кленовые Аллеи"", расположенный в новой Москве. Комплекс находится в пешей доступности через дорогу от станции метро ""Ватутинки"".
Рядом с ЖК проходит реконструированное и расширенное Калужское шоссе  теперь это современная скоростная магистраль с освещением, остановками общественного транспорта и пешеходными дорожками. В ближайшие годы в новой Москве планируется запуск линий скоростных трамваев."
186101961;1-комн. кв.;39; 6/14 этаж;3260320;83856;Сдача ГК: 4 кв. 2019 года;"Корпус ""Ватутинки 4"". Уникальный ЖК ""Кленовые Аллеи"", расположенный в новой Москве. Комплекс находится в пешей доступности через дорогу от станции метро ""Ватутинки"".
Рядом с ЖК проходит реконструированное и расширенное Калужское шоссе  теперь это современная скоростная магистраль с освещением, остановками общественного транспорта и пешеходными дорожками. В ближайшие годы в новой Москве планируется запуск линий скоростных трамваев."
173808660;1-комн. кв.;39; 9/15 этаж;3359230;86400;Сдача ГК: 4 кв. 2019 года;"Корпус ""Ватутинки 2"". Уникальный ЖК ""Кленовые Аллеи"", расположенный в новой Москве. Комплекс находится в пешей доступности через дорогу от станции метро ""Ватутинки"".
Рядом с ЖК проходит реконструированное и расширенное Калужское шоссе  теперь это современная скоростная магистраль с освещением, остановками общественного транспорта и пешеходными дорожками. В ближайшие годы в новой Москве планируется запуск линий скоростных трамваев."
173809120;1-комн. кв.;39; 9/14 этаж;3359230;86400;Сдача ГК: 4 кв. 2019 года;"Корпус ""Ватутинки 4"". Уникальный ЖК ""Кленовые Аллеи"", расположенный в новой Москве. Комплекс находится в пешей доступности через дорогу от станции метро ""Ватутинки"".
Рядом с ЖК проходит реконструированное и расширенное Калужское шоссе  теперь это современная скоростная магистраль с освещением, остановками общественного транспорта и пешеходными дорожками. В ближайшие годы в новой Москве планируется запуск линий скоростных трамваев."
173808637;1-комн. кв.;39; 9/15 этаж;3359230;86400;Сдача ГК: 4 кв. 2019 года;"Корпус ""Ватутинки 2"". Уникальный ЖК ""Кленовые Аллеи"", расположенный в новой Москве. Комплекс находится в пешей доступности через дорогу от станции метро ""Ватутинки"".
Рядом с ЖК проходит реконструированное и расширенное Калужское шоссе  теперь это современная скоростная магистраль с освещением, остановками общественного транспорта и пешеходными дорожками. В ближайшие годы в новой Москве планируется запуск линий скоростных трамваев."
185987461;1-комн. кв.;37; 4/14 этаж;3684680;100400;Сдача ГК: 4 кв. 2019 года;"Корпус ""Ватутинки 3"". Уникальный ЖК ""Кленовые Аллеи"", расположенный в новой Москве. Комплекс находится в пешей доступности через дорогу от станции метро ""Ватутинки"".
Рядом с ЖК проходит реконструированное и расширенное Калужское шоссе  теперь это современная скоростная магистраль с освещением, остановками общественного транспорта и пешеходными дорожками. В ближайшие годы в новой Москве планируется запуск линий скоростных трамваев."
185987565;1-комн. кв.;40; 8/14 этаж;3655680;90960;Сдача ГК: 4 кв. 2019 года;"Корпус ""Ватутинки 3"". Уникальный ЖК ""Кленовые Аллеи"", расположенный в новой Москве. Комплекс находится в пешей доступности через дорогу от станции метро ""Ватутинки"".
Рядом с ЖК проходит реконструированное и расширенное Калужское шоссе  теперь это современная скоростная магистраль с освещением, остановками общественного транспорта и пешеходными дорожками. В ближайшие годы в новой Москве планируется запуск линий скоростных трамваев."
185987511;1-комн. кв.;37; 8/14 этаж;3684680;100400;Сдача ГК: 4 кв. 2019 года;"Корпус ""Ватутинки 3"". Уникальный ЖК ""Кленовые Аллеи"", расположенный в новой Москве. Комплекс находится в пешей доступности через дорогу от станции метро ""Ватутинки"".
Рядом с ЖК проходит реконструированное и расширенное Калужское шоссе  теперь это современная скоростная магистраль с освещением, остановками общественного транспорта и пешеходными дорожками. В ближайшие годы в новой Москве планируется запуск линий скоростных трамваев."
173808873;1-комн. кв.;40; 9/14 этаж;3655680;90960;Сдача ГК: 4 кв. 2019 года;"Корпус ""Ватутинки 3"". Уникальный ЖК ""Кленовые Аллеи"", расположенный в новой Москве. Комплекс находится в пешей доступности через дорогу от станции метро ""Ватутинки"".
Рядом с ЖК проходит реконструированное и расширенное Калужское шоссе  теперь это современная скоростная магистраль с освещением, остановками общественного транспорта и пешеходными дорожками. В ближайшие годы в новой Москве планируется запуск линий скоростных трамваев."
176919877;2-комн. кв.;54; 11/14 этаж;4346850;79920;Сдача ГК: 4 кв. 2019 года;"Корпус ""Ватутинки 4"". Уникальный ЖК ""Кленовые Аллеи"", расположенный в новой Москве. Комплекс находится в пешей доступности через дорогу от станции метро ""Ватутинки"".
Рядом с ЖК проходит реконструированное и расширенное Калужское шоссе  теперь это современная скоростная магистраль с освещением, остановками общественного транспорта и пешеходными дорожками. В ближайшие годы в новой Москве планируется запуск линий скоростных трамваев."
173808883;Студия;31; 13/14 этаж;3009510;98640;Сдача ГК: 4 кв. 2019 года;"Корпус ""Ватутинки 3"". Уникальный ЖК ""Кленовые Аллеи"", расположенный в новой Москве. Комплекс находится в пешей доступности через дорогу от станции метро ""Ватутинки"".
Рядом с ЖК проходит реконструированное и расширенное Калужское шоссе  теперь это современная скоростная магистраль с освещением, остановками общественного транспорта и пешеходными дорожками. В ближайшие годы в новой Москве планируется запуск линий скоростных трамваев."
189059336;1-комн. кв.;36; 8/14 этаж;3067710;84720;Сдача ГК: 4 кв. 2019 года;"Корпус ""Ватутинки 4"". Уникальный ЖК ""Кленовые Аллеи"", расположенный в новой Москве. Комплекс находится в пешей доступности через дорогу от станции метро ""Ватутинки"".
Рядом с ЖК проходит реконструированное и расширенное Калужское шоссе  теперь это современная скоростная магистраль с освещением, остановками общественного транспорта и пешеходными дорожками. В ближайшие годы в новой Москве планируется запуск линий скоростных трамваев."
185987563;1-комн. кв.;40; 8/14 этаж;3655680;90960;Сдача ГК: 4 кв. 2019 года;"Корпус ""Ватутинки 3"". Уникальный ЖК ""Кленовые Аллеи"", расположенный в новой Москве. Комплекс находится в пешей доступности через дорогу от станции метро ""Ватутинки"".
Рядом с ЖК проходит реконструированное и расширенное Калужское шоссе  теперь это современная скоростная магистраль с освещением, остановками общественного транспорта и пешеходными дорожками. В ближайшие годы в новой Москве планируется запуск линий скоростных трамваев."
188645991;1-комн. кв.;37; 5/14 этаж;3684680;100400;Сдача ГК: 4 кв. 2019 года;"Корпус ""Ватутинки 3"". Уникальный ЖК ""Кленовые Аллеи"", расположенный в новой Москве. Комплекс находится в пешей доступности через дорогу от станции метро ""Ватутинки"".
Рядом с ЖК проходит реконструированное и расширенное Калужское шоссе  теперь это современная скоростная магистраль с освещением, остановками общественного транспорта и пешеходными дорожками. В ближайшие годы в новой Москве планируется запуск линий скоростных трамваев."
185987484;1-комн. кв.;37; 7/14 этаж;3684680;100400;Сдача ГК: 4 кв. 2019 года;"Корпус ""Ватутинки 3"". Уникальный ЖК ""Кленовые Аллеи"", расположенный в новой Москве. Комплекс находится в пешей доступности через дорогу от станции метро ""Ватутинки"".
Рядом с ЖК проходит реконструированное и расширенное Калужское шоссе  теперь это современная скоростная магистраль с освещением, остановками общественного транспорта и пешеходными дорожками. В ближайшие годы в новой Москве планируется запуск линий скоростных трамваев."
185987492;1-комн. кв.;37; 7/14 этаж;3684680;100400;Сдача ГК: 4 кв. 2019 года;"Корпус ""Ватутинки 3"". Уникальный ЖК ""Кленовые Аллеи"", расположенный в новой Москве. Комплекс находится в пешей доступности через дорогу от станции метро ""Ватутинки"".
Рядом с ЖК проходит реконструированное и расширенное Калужское шоссе  теперь это современная скоростная магистраль с освещением, остановками общественного транспорта и пешеходными дорожками. В ближайшие годы в новой Москве планируется запуск линий скоростных трамваев."
173808892;1-комн. кв.;40; 14/14 этаж;3756000;93456;Сдача ГК: 4 кв. 2019 года;"Корпус ""Ватутинки 3"". Уникальный ЖК ""Кленовые Аллеи"", расположенный в новой Москве. Комплекс находится в пешей доступности через дорогу от станции метро ""Ватутинки"".
Рядом с ЖК проходит реконструированное и расширенное Калужское шоссе  теперь это современная скоростная магистраль с освещением, остановками общественного транспорта и пешеходными дорожками. В ближайшие годы в новой Москве планируется запуск линий скоростных трамваев."
173808831;1-комн. кв.;37; 9/14 этаж;3778040;102944;Сдача ГК: 4 кв. 2019 года;"Корпус ""Ватутинки 3"". Уникальный ЖК ""Кленовые Аллеи"", расположенный в новой Москве. Комплекс находится в пешей доступности через дорогу от станции метро ""Ватутинки"".
Рядом с ЖК проходит реконструированное и расширенное Калужское шоссе  теперь это современная скоростная магистраль с освещением, остановками общественного транспорта и пешеходными дорожками. В ближайшие годы в новой Москве планируется запуск линий скоростных трамваев."
176919731;1-комн. кв.;39; 4/14 этаж;3868090;99488;Сдача ГК: 4 кв. 2019 года;"Корпус ""Ватутинки 3"". Уникальный ЖК ""Кленовые Аллеи"", расположенный в новой Москве. Комплекс находится в пешей доступности через дорогу от станции метро ""Ватутинки"".
Рядом с ЖК проходит реконструированное и расширенное Калужское шоссе  теперь это современная скоростная магистраль с освещением, остановками общественного транспорта и пешеходными дорожками. В ближайшие годы в новой Москве планируется запуск линий скоростных трамваев."
185987471;1-комн. кв.;39; 5/14 этаж;3868090;99488;Сдача ГК: 4 кв. 2019 года;"Корпус ""Ватутинки 3"". Уникальный ЖК ""Кленовые Аллеи"", расположенный в новой Москве. Комплекс находится в пешей доступности через дорогу от станции метро ""Ватутинки"".
Рядом с ЖК проходит реконструированное и расширенное Калужское шоссе  теперь это современная скоростная магистраль с освещением, остановками общественного транспорта и пешеходными дорожками. В ближайшие годы в новой Москве планируется запуск линий скоростных трамваев."
176919742;1-комн. кв.;39; 5/14 этаж;3868090;99488;Сдача ГК: 4 кв. 2019 года;"Корпус ""Ватутинки 3"". Уникальный ЖК ""Кленовые Аллеи"", расположенный в новой Москве. Комплекс находится в пешей доступности через дорогу от станции метро ""Ватутинки"".
Рядом с ЖК проходит реконструированное и расширенное Калужское шоссе  теперь это современная скоростная магистраль с освещением, остановками общественного транспорта и пешеходными дорожками. В ближайшие годы в новой Москве планируется запуск линий скоростных трамваев."
176919735;1-комн. кв.;39; 4/14 этаж;3863120;99488;Сдача ГК: 4 кв. 2019 года;"Корпус ""Ватутинки 3"". Уникальный ЖК ""Кленовые Аллеи"", расположенный в новой Москве. Комплекс находится в пешей доступности через дорогу от станции метро ""Ватутинки"".
Рядом с ЖК проходит реконструированное и расширенное Калужское шоссе  теперь это современная скоростная магистраль с освещением, остановками общественного транспорта и пешеходными дорожками. В ближайшие годы в новой Москве планируется запуск линий скоростных трамваев."
188782928;1-комн. кв.;39; 7/14 этаж;3868090;99488;Сдача ГК: 4 кв. 2019 года;"Корпус ""Ватутинки 3"". Уникальный ЖК ""Кленовые Аллеи"", расположенный в новой Москве. Комплекс находится в пешей доступности через дорогу от станции метро ""Ватутинки"".
Рядом с ЖК проходит реконструированное и расширенное Калужское шоссе  теперь это современная скоростная магистраль с освещением, остановками общественного транспорта и пешеходными дорожками. В ближайшие годы в новой Москве планируется запуск линий скоростных трамваев."
185987464;1-комн. кв.;39; 4/14 этаж;3868090;99488;Сдача ГК: 4 кв. 2019 года;"Корпус ""Ватутинки 3"". Уникальный ЖК ""Кленовые Аллеи"", расположенный в новой Москве. Комплекс находится в пешей доступности через дорогу от станции метро ""Ватутинки"".
Рядом с ЖК проходит реконструированное и расширенное Калужское шоссе  теперь это современная скоростная магистраль с освещением, остановками общественного транспорта и пешеходными дорожками. В ближайшие годы в новой Москве планируется запуск линий скоростных трамваев."
173808811;1-комн. кв.;39; 6/14 этаж;3868090;99488;Сдача ГК: 4 кв. 2019 года;"Корпус ""Ватутинки 3"". Уникальный ЖК ""Кленовые Аллеи"", расположенный в новой Москве. Комплекс находится в пешей доступности через дорогу от станции метро ""Ватутинки"".
Рядом с ЖК проходит реконструированное и расширенное Калужское шоссе  теперь это современная скоростная магистраль с освещением, остановками общественного транспорта и пешеходными дорожками. В ближайшие годы в новой Москве планируется запуск линий скоростных трамваев."
185987496;1-комн. кв.;39; 7/14 этаж;3868090;99488;Сдача ГК: 4 кв. 2019 года;"Корпус ""Ватутинки 3"". Уникальный ЖК ""Кленовые Аллеи"", расположенный в новой Москве. Комплекс находится в пешей доступности через дорогу от станции метро ""Ватутинки"".
Рядом с ЖК проходит реконструированное и расширенное Калужское шоссе  теперь это современная скоростная магистраль с освещением, остановками общественного транспорта и пешеходными дорожками. В ближайшие годы в новой Москве планируется запуск линий скоростных трамваев."
188645990;1-комн. кв.;40; 5/14 этаж;3919560;99104;Сдача ГК: 4 кв. 2019 года;"Корпус ""Ватутинки 3"". Уникальный ЖК ""Кленовые Аллеи"", расположенный в новой Москве. Комплекс находится в пешей доступности через дорогу от станции метро ""Ватутинки"".
Рядом с ЖК проходит реконструированное и расширенное Калужское шоссе  теперь это современная скоростная магистраль с освещением, остановками общественного транспорта и пешеходными дорожками. В ближайшие годы в новой Москве планируется запуск линий скоростных трамваев."
173808834;1-комн. кв.;39; 9/14 этаж;3968870;102080;Сдача ГК: 4 кв. 2019 года;"Корпус ""Ватутинки 3"". Уникальный ЖК ""Кленовые Аллеи"", расположенный в новой Москве. Комплекс находится в пешей доступности через дорогу от станции метро ""Ватутинки"".
Рядом с ЖК проходит реконструированное и расширенное Калужское шоссе  теперь это современная скоростная магистраль с освещением, остановками общественного транспорта и пешеходными дорожками. В ближайшие годы в новой Москве планируется запуск линий скоростных трамваев."
173808822;1-комн. кв.;39; 9/14 этаж;3968870;102080;Сдача ГК: 4 кв. 2019 года;"Корпус ""Ватутинки 3"". Уникальный ЖК ""Кленовые Аллеи"", расположенный в новой Москве. Комплекс находится в пешей доступности через дорогу от станции метро ""Ватутинки"".
Рядом с ЖК проходит реконструированное и расширенное Калужское шоссе  теперь это современная скоростная магистраль с освещением, остановками общественного транспорта и пешеходными дорожками. В ближайшие годы в новой Москве планируется запуск линий скоростных трамваев."
173808823;1-комн. кв.;39; 9/14 этаж;4041430;104080;Сдача ГК: 4 кв. 2019 года;"Корпус ""Ватутинки 3"". Уникальный ЖК ""Кленовые Аллеи"", расположенный в новой Москве. Комплекс находится в пешей доступности через дорогу от станции метро ""Ватутинки"".
Рядом с ЖК проходит реконструированное и расширенное Калужское шоссе  теперь это современная скоростная магистраль с освещением, остановками общественного транспорта и пешеходными дорожками. В ближайшие годы в новой Москве планируется запуск линий скоростных трамваев."
185987677;2-комн. кв.;54; 8/14 этаж;4346850;79920;Сдача ГК: 4 кв. 2019 года;"Корпус ""Ватутинки 4"". Уникальный ЖК ""Кленовые Аллеи"", расположенный в новой Москве. Комплекс находится в пешей доступности через дорогу от станции метро ""Ватутинки"".
Рядом с ЖК проходит реконструированное и расширенное Калужское шоссе  теперь это современная скоростная магистраль с освещением, остановками общественного транспорта и пешеходными дорожками. В ближайшие годы в новой Москве планируется запуск линий скоростных трамваев."
185987684;2-комн. кв.;54; 8/14 этаж;4346850;79920;Сдача ГК: 4 кв. 2019 года;"Корпус ""Ватутинки 4"". Уникальный ЖК ""Кленовые Аллеи"", расположенный в новой Москве. Комплекс находится в пешей доступности через дорогу от станции метро ""Ватутинки"".
Рядом с ЖК проходит реконструированное и расширенное Калужское шоссе  теперь это современная скоростная магистраль с освещением, остановками общественного транспорта и пешеходными дорожками. В ближайшие годы в новой Москве планируется запуск линий скоростных трамваев."
185987687;2-комн. кв.;54; 10/14 этаж;4346850;79920;Сдача ГК: 4 кв. 2019 года;"Корпус ""Ватутинки 4"". Уникальный ЖК ""Кленовые Аллеи"", расположенный в новой Москве. Комплекс находится в пешей доступности через дорогу от станции метро ""Ватутинки"".
Рядом с ЖК проходит реконструированное и расширенное Калужское шоссе  теперь это современная скоростная магистраль с освещением, остановками общественного транспорта и пешеходными дорожками. В ближайшие годы в новой Москве планируется запуск линий скоростных трамваев."
183735007;2-комн. кв.;54; 12/14 этаж;4346850;79920;Сдача ГК: 4 кв. 2019 года;"Корпус ""Ватутинки 4"". Уникальный ЖК ""Кленовые Аллеи"", расположенный в новой Москве. Комплекс находится в пешей доступности через дорогу от станции метро ""Ватутинки"".
Рядом с ЖК проходит реконструированное и расширенное Калужское шоссе  теперь это современная скоростная магистраль с освещением, остановками общественного транспорта и пешеходными дорожками. В ближайшие годы в новой Москве планируется запуск линий скоростных трамваев."
176919917;2-комн. кв.;54; 12/14 этаж;4346850;79920;Сдача ГК: 4 кв. 2019 года;"Корпус ""Ватутинки 4"". Уникальный ЖК ""Кленовые Аллеи"", расположенный в новой Москве. Комплекс находится в пешей доступности через дорогу от станции метро ""Ватутинки"".
Рядом с ЖК проходит реконструированное и расширенное Калужское шоссе  теперь это современная скоростная магистраль с освещением, остановками общественного транспорта и пешеходными дорожками. В ближайшие годы в новой Москве планируется запуск линий скоростных трамваев."
185987690;2-комн. кв.;60; 10/14 этаж;4515680;74800;Сдача ГК: 4 кв. 2019 года;"Корпус ""Ватутинки 4"". Уникальный ЖК ""Кленовые Аллеи"", расположенный в новой Москве. Комплекс находится в пешей доступности через дорогу от станции метро ""Ватутинки"".
Рядом с ЖК проходит реконструированное и расширенное Калужское шоссе  теперь это современная скоростная магистраль с освещением, остановками общественного транспорта и пешеходными дорожками. В ближайшие годы в новой Москве планируется запуск линий скоростных трамваев."
173809146;2-комн. кв.;57; 9/14 этаж;4624810;81696;Сдача ГК: 4 кв. 2019 года;"Корпус ""Ватутинки 4"". Уникальный ЖК ""Кленовые Аллеи"", расположенный в новой Москве. Комплекс находится в пешей доступности через дорогу от станции метро ""Ватутинки"".
Рядом с ЖК проходит реконструированное и расширенное Калужское шоссе  теперь это современная скоростная магистраль с освещением, остановками общественного транспорта и пешеходными дорожками. В ближайшие годы в новой Москве планируется запуск линий скоростных трамваев."
189059336;1-комн. кв.;36; 8/14 этаж;3067710;84720;Сдача ГК: 4 кв. 2019 года;"Корпус ""Ватутинки 4"". Уникальный ЖК ""Кленовые Аллеи"", расположенный в новой Москве. Комплекс находится в пешей доступности через дорогу от станции метро ""Ватутинки"".
Рядом с ЖК проходит реконструированное и расширенное Калужское шоссе  теперь это современная скоростная магистраль с освещением, остановками общественного транспорта и пешеходными дорожками. В ближайшие годы в новой Москве планируется запуск линий скоростных трамваев."
173808883;Студия;31; 13/14 этаж;3009510;98640;Сдача ГК: 4 кв. 2019 года;"Корпус ""Ватутинки 3"". Уникальный ЖК ""Кленовые Аллеи"", расположенный в новой Москве. Комплекс находится в пешей доступности через дорогу от станции метро ""Ватутинки"".
Рядом с ЖК проходит реконструированное и расширенное Калужское шоссе  теперь это современная скоростная магистраль с освещением, остановками общественного транспорта и пешеходными дорожками. В ближайшие годы в новой Москве планируется запуск линий скоростных трамваев."
176919877;2-комн. кв.;54; 11/14 этаж;4346850;79920;Сдача ГК: 4 кв. 2019 года;"Корпус ""Ватутинки 4"". Уникальный ЖК ""Кленовые Аллеи"", расположенный в новой Москве. Комплекс находится в пешей доступности через дорогу от станции метро ""Ватутинки"".
Рядом с ЖК проходит реконструированное и расширенное Калужское шоссе  теперь это современная скоростная магистраль с освещением, остановками общественного транспорта и пешеходными дорожками. В ближайшие годы в новой Москве планируется запуск линий скоростных трамваев."
173809142;2-комн. кв.;57; 9/14 этаж;4624810;81696;Сдача ГК: 4 кв. 2019 года;"Корпус ""Ватутинки 4"". Уникальный ЖК ""Кленовые Аллеи"", расположенный в новой Москве. Комплекс находится в пешей доступности через дорогу от станции метро ""Ватутинки"".
Рядом с ЖК проходит реконструированное и расширенное Калужское шоссе  теперь это современная скоростная магистраль с освещением, остановками общественного транспорта и пешеходными дорожками. В ближайшие годы в новой Москве планируется запуск линий скоростных трамваев."
173808875;2-комн. кв.;56; 9/14 этаж;4650410;83776;Сдача ГК: 4 кв. 2019 года;"Корпус ""Ватутинки 3"". Уникальный ЖК ""Кленовые Аллеи"", расположенный в новой Москве. Комплекс находится в пешей доступности через дорогу от станции метро ""Ватутинки"".
Рядом с ЖК проходит реконструированное и расширенное Калужское шоссе  теперь это современная скоростная магистраль с освещением, остановками общественного транспорта и пешеходными дорожками. В ближайшие годы в новой Москве планируется запуск линий скоростных трамваев."
173808932;2-комн. кв.;60; 9/14 этаж;4711760;78048;Сдача ГК: 4 кв. 2019 года;"Корпус ""Ватутинки 4"". Уникальный ЖК ""Кленовые Аллеи"", расположенный в новой Москве. Комплекс находится в пешей доступности через дорогу от станции метро ""Ватутинки"".
Рядом с ЖК проходит реконструированное и расширенное Калужское шоссе  теперь это современная скоростная магистраль с освещением, остановками общественного транспорта и пешеходными дорожками. В ближайшие годы в новой Москве планируется запуск линий скоростных трамваев."
184309668;2-комн. кв.;60; 5/14 этаж;4711760;78048;Сдача ГК: 4 кв. 2019 года;"Корпус ""Ватутинки 4"". Уникальный ЖК ""Кленовые Аллеи"", расположенный в новой Москве. Комплекс находится в пешей доступности через дорогу от станции метро ""Ватутинки"".
Рядом с ЖК проходит реконструированное и расширенное Калужское шоссе  теперь это современная скоростная магистраль с освещением, остановками общественного транспорта и пешеходными дорожками. В ближайшие годы в новой Москве планируется запуск линий скоростных трамваев."
184939492;2-комн. кв.;60; 9/14 этаж;4743640;79008;Сдача ГК: 4 кв. 2019 года;"Корпус ""Ватутинки 4"". Уникальный ЖК ""Кленовые Аллеи"", расположенный в новой Москве. Комплекс находится в пешей доступности через дорогу от станции метро ""Ватутинки"".
Рядом с ЖК проходит реконструированное и расширенное Калужское шоссе  теперь это современная скоростная магистраль с освещением, остановками общественного транспорта и пешеходными дорожками. В ближайшие годы в новой Москве планируется запуск линий скоростных трамваев."
186781212;2-комн. кв.;60; 12/14 этаж;4711760;78048;Сдача ГК: 4 кв. 2019 года;"Корпус ""Ватутинки 4"". Уникальный ЖК ""Кленовые Аллеи"", расположенный в новой Москве. Комплекс находится в пешей доступности через дорогу от станции метро ""Ватутинки"".
Рядом с ЖК проходит реконструированное и расширенное Калужское шоссе  теперь это современная скоростная магистраль с освещением, остановками общественного транспорта и пешеходными дорожками. В ближайшие годы в новой Москве планируется запуск линий скоростных трамваев."
173808923;2-комн. кв.;60; 6/14 этаж;4711760;78048;Сдача ГК: 4 кв. 2019 года;"Корпус ""Ватутинки 4"". Уникальный ЖК ""Кленовые Аллеи"", расположенный в новой Москве. Комплекс находится в пешей доступности через дорогу от станции метро ""Ватутинки"".
Рядом с ЖК проходит реконструированное и расширенное Калужское шоссе  теперь это современная скоростная магистраль с освещением, остановками общественного транспорта и пешеходными дорожками. В ближайшие годы в новой Москве планируется запуск линий скоростных трамваев."
173808922;2-комн. кв.;60; 6/14 этаж;4711760;78048;Сдача ГК: 4 кв. 2019 года;"Корпус ""Ватутинки 4"". Уникальный ЖК ""Кленовые Аллеи"", расположенный в новой Москве. Комплекс находится в пешей доступности через дорогу от станции метро ""Ватутинки"".
Рядом с ЖК проходит реконструированное и расширенное Калужское шоссе  теперь это современная скоростная магистраль с освещением, остановками общественного транспорта и пешеходными дорожками. В ближайшие годы в новой Москве планируется запуск линий скоростных трамваев."
176919905;2-комн. кв.;60; 12/14 этаж;4711760;78048;Сдача ГК: 4 кв. 2019 года;"Корпус ""Ватутинки 4"". Уникальный ЖК ""Кленовые Аллеи"", расположенный в новой Москве. Комплекс находится в пешей доступности через дорогу от станции метро ""Ватутинки"".
Рядом с ЖК проходит реконструированное и расширенное Калужское шоссе  теперь это современная скоростная магистраль с освещением, остановками общественного транспорта и пешеходными дорожками. В ближайшие годы в новой Москве планируется запуск линий скоростных трамваев."
185987692;2-комн. кв.;60; 10/14 этаж;4711760;78048;Сдача ГК: 4 кв. 2019 года;"Корпус ""Ватутинки 4"". Уникальный ЖК ""Кленовые Аллеи"", расположенный в новой Москве. Комплекс находится в пешей доступности через дорогу от станции метро ""Ватутинки"".
Рядом с ЖК проходит реконструированное и расширенное Калужское шоссе  теперь это современная скоростная магистраль с освещением, остановками общественного транспорта и пешеходными дорожками. В ближайшие годы в новой Москве планируется запуск линий скоростных трамваев."
184153379;2-комн. кв.;60; 7/14 этаж;4711760;78048;Сдача ГК: 4 кв. 2019 года;"Корпус ""Ватутинки 4"". Уникальный ЖК ""Кленовые Аллеи"", расположенный в новой Москве. Комплекс находится в пешей доступности через дорогу от станции метро ""Ватутинки"".
Рядом с ЖК проходит реконструированное и расширенное Калужское шоссе  теперь это современная скоростная магистраль с освещением, остановками общественного транспорта и пешеходными дорожками. В ближайшие годы в новой Москве планируется запуск линий скоростных трамваев."
184309681;2-комн. кв.;60; 7/14 этаж;4711760;78048;Сдача ГК: 4 кв. 2019 года;"Корпус ""Ватутинки 4"". Уникальный ЖК ""Кленовые Аллеи"", расположенный в новой Москве. Комплекс находится в пешей доступности через дорогу от станции метро ""Ватутинки"".
Рядом с ЖК проходит реконструированное и расширенное Калужское шоссе  теперь это современная скоростная магистраль с освещением, остановками общественного транспорта и пешеходными дорожками. В ближайшие годы в новой Москве планируется запуск линий скоростных трамваев."
176919840;2-комн. кв.;60; 5/14 этаж;4711760;78048;Сдача ГК: 4 кв. 2019 года;"Корпус ""Ватутинки 4"". Уникальный ЖК ""Кленовые Аллеи"", расположенный в новой Москве. Комплекс находится в пешей доступности через дорогу от станции метро ""Ватутинки"".
Рядом с ЖК проходит реконструированное и расширенное Калужское шоссе  теперь это современная скоростная магистраль с освещением, остановками общественного транспорта и пешеходными дорожками. В ближайшие годы в новой Москве планируется запуск линий скоростных трамваев."
185987681;2-комн. кв.;60; 8/14 этаж;4711760;78048;Сдача ГК: 4 кв. 2019 года;"Корпус ""Ватутинки 4"". Уникальный ЖК ""Кленовые Аллеи"", расположенный в новой Москве. Комплекс находится в пешей доступности через дорогу от станции метро ""Ватутинки"".
Рядом с ЖК проходит реконструированное и расширенное Калужское шоссе  теперь это современная скоростная магистраль с освещением, остановками общественного транспорта и пешеходными дорожками. В ближайшие годы в новой Москве планируется запуск линий скоростных трамваев."
185987606;2-комн. кв.;56; 10/14 этаж;4852020;87408;Сдача ГК: 4 кв. 2019 года;"Корпус ""Ватутинки 3"". Уникальный ЖК ""Кленовые Аллеи"", расположенный в новой Москве. Комплекс находится в пешей доступности через дорогу от станции метро ""Ватутинки"".
Рядом с ЖК проходит реконструированное и расширенное Калужское шоссе  теперь это современная скоростная магистраль с освещением, остановками общественного транспорта и пешеходными дорожками. В ближайшие годы в новой Москве планируется запуск линий скоростных трамваев."
185987558;2-комн. кв.;56; 7/14 этаж;4852020;87408;Сдача ГК: 4 кв. 2019 года;"Корпус ""Ватутинки 3"". Уникальный ЖК ""Кленовые Аллеи"", расположенный в новой Москве. Комплекс находится в пешей доступности через дорогу от станции метро ""Ватутинки"".
Рядом с ЖК проходит реконструированное и расширенное Калужское шоссе  теперь это современная скоростная магистраль с освещением, остановками общественного транспорта и пешеходными дорожками. В ближайшие годы в новой Москве планируется запуск линий скоростных трамваев."
185987608;2-комн. кв.;56; 10/14 этаж;4852020;87408;Сдача ГК: 4 кв. 2019 года;"Корпус ""Ватутинки 3"". Уникальный ЖК ""Кленовые Аллеи"", расположенный в новой Москве. Комплекс находится в пешей доступности через дорогу от станции метро ""Ватутинки"".
Рядом с ЖК проходит реконструированное и расширенное Калужское шоссе  теперь это современная скоростная магистраль с освещением, остановками общественного транспорта и пешеходными дорожками. В ближайшие годы в новой Москве планируется запуск линий скоростных трамваев."
185987634;2-комн. кв.;56; 11/14 этаж;4852020;87408;Сдача ГК: 4 кв. 2019 года;"Корпус ""Ватутинки 3"". Уникальный ЖК ""Кленовые Аллеи"", расположенный в новой Москве. Комплекс находится в пешей доступности через дорогу от станции метро ""Ватутинки"".
Рядом с ЖК проходит реконструированное и расширенное Калужское шоссе  теперь это современная скоростная магистраль с освещением, остановками общественного транспорта и пешеходными дорожками. В ближайшие годы в новой Москве планируется запуск линий скоростных трамваев."
185987525;2-комн. кв.;56; 4/14 этаж;4852020;87408;Сдача ГК: 4 кв. 2019 года;"Корпус ""Ватутинки 3"". Уникальный ЖК ""Кленовые Аллеи"", расположенный в новой Москве. Комплекс находится в пешей доступности через дорогу от станции метро ""Ватутинки"".
Рядом с ЖК проходит реконструированное и расширенное Калужское шоссе  теперь это современная скоростная магистраль с освещением, остановками общественного транспорта и пешеходными дорожками. В ближайшие годы в новой Москве планируется запуск линий скоростных трамваев."
181805071;2-комн. кв.;56; 13/14 этаж;4852020;87408;Сдача ГК: 4 кв. 2019 года;"Корпус ""Ватутинки 3"". Уникальный ЖК ""Кленовые Аллеи"", расположенный в новой Москве. Комплекс находится в пешей доступности через дорогу от станции метро ""Ватутинки"".
Рядом с ЖК проходит реконструированное и расширенное Калужское шоссе  теперь это современная скоростная магистраль с освещением, остановками общественного транспорта и пешеходными дорожками. В ближайшие годы в новой Москве планируется запуск линий скоростных трамваев."
185987577;2-комн. кв.;56; 8/14 этаж;4852020;87408;Сдача ГК: 4 кв. 2019 года;"Корпус ""Ватутинки 3"". Уникальный ЖК ""Кленовые Аллеи"", расположенный в новой Москве. Комплекс находится в пешей доступности через дорогу от станции метро ""Ватутинки"".
Рядом с ЖК проходит реконструированное и расширенное Калужское шоссе  теперь это современная скоростная магистраль с освещением, остановками общественного транспорта и пешеходными дорожками. В ближайшие годы в новой Москве планируется запуск линий скоростных трамваев."
185987657;2-комн. кв.;56; 12/14 этаж;4852020;87408;Сдача ГК: 4 кв. 2019 года;"Корпус ""Ватутинки 3"". Уникальный ЖК ""Кленовые Аллеи"", расположенный в новой Москве. Комплекс находится в пешей доступности через дорогу от станции метро ""Ватутинки"".
Рядом с ЖК проходит реконструированное и расширенное Калужское шоссе  теперь это современная скоростная магистраль с освещением, остановками общественного транспорта и пешеходными дорожками. В ближайшие годы в новой Москве планируется запуск линий скоростных трамваев."
173808867;2-комн. кв.;56; 6/14 этаж;4852020;87408;Сдача ГК: 4 кв. 2019 года;"Корпус ""Ватутинки 3"". Уникальный ЖК ""Кленовые Аллеи"", расположенный в новой Москве. Комплекс находится в пешей доступности через дорогу от станции метро ""Ватутинки"".
Рядом с ЖК проходит реконструированное и расширенное Калужское шоссе  теперь это современная скоростная магистраль с освещением, остановками общественного транспорта и пешеходными дорожками. В ближайшие годы в новой Москве планируется запуск линий скоростных трамваев."
185987557;2-комн. кв.;56; 7/14 этаж;4852020;87408;Сдача ГК: 4 кв. 2019 года;"Корпус ""Ватутинки 3"". Уникальный ЖК ""Кленовые Аллеи"", расположенный в новой Москве. Комплекс находится в пешей доступности через дорогу от станции метро ""Ватутинки"".
Рядом с ЖК проходит реконструированное и расширенное Калужское шоссе  теперь это современная скоростная магистраль с освещением, остановками общественного транспорта и пешеходными дорожками. В ближайшие годы в новой Москве планируется запуск линий скоростных трамваев."
189145496;2-комн. кв.;57; 2/17 этаж;4959110;86880;Сдача ГК: 4 кв. 2019 года;"Корпус ""Ватутинки 1"". Уникальный ЖК ""Кленовые Аллеи"", расположенный в новой Москве. Комплекс находится в пешей доступности через дорогу от станции метро ""Ватутинки"".
Рядом с ЖК проходит реконструированное и расширенное Калужское шоссе  теперь это современная скоростная магистраль с освещением, остановками общественного транспорта и пешеходными дорожками. В ближайшие годы в новой Москве планируется запуск линий скоростных трамваев."
173808883;Студия;31; 13/14 этаж;3009510;98640;Сдача ГК: 4 кв. 2019 года;"Корпус ""Ватутинки 3"". Уникальный ЖК ""Кленовые Аллеи"", расположенный в новой Москве. Комплекс находится в пешей доступности через дорогу от станции метро ""Ватутинки"".
Рядом с ЖК проходит реконструированное и расширенное Калужское шоссе  теперь это современная скоростная магистраль с освещением, остановками общественного транспорта и пешеходными дорожками. В ближайшие годы в новой Москве планируется запуск линий скоростных трамваев."
185987413;3-комн. кв.;69; 9/17 этаж;6189130;89232;Сдача ГК: 4 кв. 2019 года;"Корпус ""Ватутинки 1"". Уникальный ЖК ""Кленовые Аллеи"", расположенный в новой Москве. Комплекс находится в пешей доступности через дорогу от станции метро ""Ватутинки"".
Рядом с ЖК проходит реконструированное и расширенное Калужское шоссе  теперь это современная скоростная магистраль с освещением, остановками общественного транспорта и пешеходными дорожками. В ближайшие годы в новой Москве планируется запуск линий скоростных трамваев."
189059336;1-комн. кв.;36; 8/14 этаж;3067710;84720;Сдача ГК: 4 кв. 2019 года;"Корпус ""Ватутинки 3"". Уникальный ЖК ""Кленовые Аллеи"", расположенный в новой Москве. Комплекс находится в пешей доступности через дорогу от станции метро ""Ватутинки"".
Рядом с ЖК проходит реконструированное и расширенное Калужское шоссе  теперь это современная скоростная магистраль с освещением, остановками общественного транспорта и пешеходными дорожками. В ближайшие годы в новой Москве планируется запуск линий скоростных трамваев."
173808901;2-комн. кв.;56; 14/14 этаж;4985240;89808;Сдача ГК: 4 кв. 2019 года;"Корпус ""Ватутинки 3"". Уникальный ЖК ""Кленовые Аллеи"", расположенный в новой Москве. Комплекс находится в пешей доступности через дорогу от станции метро ""Ватутинки"".
Рядом с ЖК проходит реконструированное и расширенное Калужское шоссе  теперь это современная скоростная магистраль с освещением, остановками общественного транспорта и пешеходными дорожками. В ближайшие годы в новой Москве планируется запуск линий скоростных трамваев."
189145494;2-комн. кв.;57; 2/17 этаж;4959110;86880;Сдача ГК: 4 кв. 2019 года;"Корпус ""Ватутинки 3"". Уникальный ЖК ""Кленовые Аллеи"", расположенный в новой Москве. Комплекс находится в пешей доступности через дорогу от станции метро ""Ватутинки"".
Рядом с ЖК проходит реконструированное и расширенное Калужское шоссе  теперь это современная скоростная магистраль с освещением, остановками общественного транспорта и пешеходными дорожками. В ближайшие годы в новой Москве планируется запуск линий скоростных трамваев."
173808899;2-комн. кв.;56; 14/14 этаж;4985240;89808;Сдача ГК: 4 кв. 2019 года;"Корпус ""Ватутинки 2"". Уникальный ЖК ""Кленовые Аллеи"", расположенный в новой Москве. Комплекс находится в пешей доступности через дорогу от станции метро ""Ватутинки"".
Рядом с ЖК проходит реконструированное и расширенное Калужское шоссе  теперь это современная скоростная магистраль с освещением, остановками общественного транспорта и пешеходными дорожками. В ближайшие годы в новой Москве планируется запуск линий скоростных трамваев."
188861952;2-комн. кв.;56; 11/14 этаж;4958600;89328;Сдача ГК: 4 кв. 2019 года;"Корпус ""Ватутинки 3"". Уникальный ЖК ""Кленовые Аллеи"", расположенный в новой Москве. Комплекс находится в пешей доступности через дорогу от станции метро ""Ватутинки"".
Рядом с ЖК проходит реконструированное и расширенное Калужское шоссе  теперь это современная скоростная магистраль с освещением, остановками общественного транспорта и пешеходными дорожками. В ближайшие годы в новой Москве планируется запуск линий скоростных трамваев."
185987639;2-комн. кв.;61; 11/14 этаж;4998430;81928;Сдача ГК: 4 кв. 2019 года;"Корпус ""Ватутинки 1"". Уникальный ЖК ""Кленовые Аллеи"", расположенный в новой Москве. Комплекс находится в пешей доступности через дорогу от станции метро ""Ватутинки"".
Рядом с ЖК проходит реконструированное и расширенное Калужское шоссе  теперь это современная скоростная магистраль с освещением, остановками общественного транспорта и пешеходными дорожками. В ближайшие годы в новой Москве планируется запуск линий скоростных трамваев."
189145554;2-комн. кв.;57; 2/15 этаж;5013910;87840;Сдача ГК: 4 кв. 2019 года;"Корпус ""Ватутинки 3"". Уникальный ЖК ""Кленовые Аллеи"", расположенный в новой Москве. Комплекс находится в пешей доступности через дорогу от станции метро ""Ватутинки"".
Рядом с ЖК проходит реконструированное и расширенное Калужское шоссе  теперь это современная скоростная магистраль с освещением, остановками общественного транспорта и пешеходными дорожками. В ближайшие годы в новой Москве планируется запуск линий скоростных трамваев."
185987559;2-комн. кв.;59; 7/14 этаж;5098950;86160;Сдача ГК: 4 кв. 2019 года;"Корпус ""Ватутинки 3"". Уникальный ЖК ""Кленовые Аллеи"", расположенный в новой Москве. Комплекс находится в пешей доступности через дорогу от станции метро ""Ватутинки"".
Рядом с ЖК проходит реконструированное и расширенное Калужское шоссе  теперь это современная скоростная магистраль с освещением, остановками общественного транспорта и пешеходными дорожками. В ближайшие годы в новой Москве планируется запуск линий скоростных трамваев."
189145499;2-комн. кв.;57; 3/17 этаж;5056860;89328;Сдача ГК: 4 кв. 2019 года;"Корпус ""Ватутинки 3"". Уникальный ЖК ""Кленовые Аллеи"", расположенный в новой Москве. Комплекс находится в пешей доступности через дорогу от станции метро ""Ватутинки"".
Рядом с ЖК проходит реконструированное и расширенное Калужское шоссе  теперь это современная скоростная магистраль с освещением, остановками общественного транспорта и пешеходными дорожками. В ближайшие годы в новой Москве планируется запуск линий скоростных трамваев."
173808869;2-комн. кв.;59; 6/14 этаж;5098950;86160;Сдача ГК: 4 кв. 2019 года;"Корпус ""Ватутинки 3"". Уникальный ЖК ""Кленовые Аллеи"", расположенный в новой Москве. Комплекс находится в пешей доступности через дорогу от станции метро ""Ватутинки"".
Рядом с ЖК проходит реконструированное и расширенное Калужское шоссе  теперь это современная скоростная магистраль с освещением, остановками общественного транспорта и пешеходными дорожками. В ближайшие годы в новой Москве планируется запуск линий скоростных трамваев."
185987583;2-комн. кв.;59; 8/14 этаж;5098950;86160;Сдача ГК: 4 кв. 2019 года;"Корпус ""Ватутинки 3"". Уникальный ЖК ""Кленовые Аллеи"", расположенный в новой Москве. Комплекс находится в пешей доступности через дорогу от станции метро ""Ватутинки"".
Рядом с ЖК проходит реконструированное и расширенное Калужское шоссе  теперь это современная скоростная магистраль с освещением, остановками общественного транспорта и пешеходными дорожками. В ближайшие годы в новой Москве планируется запуск линий скоростных трамваев."
185987540;2-комн. кв.;59; 5/14 этаж;5098950;86160;Сдача ГК: 4 кв. 2019 года;"Корпус ""Ватутинки 1"". Уникальный ЖК ""Кленовые Аллеи"", расположенный в новой Москве. Комплекс находится в пешей доступности через дорогу от станции метро ""Ватутинки"".
Рядом с ЖК проходит реконструированное и расширенное Калужское шоссе  теперь это современная скоростная магистраль с освещением, остановками общественного транспорта и пешеходными дорожками. В ближайшие годы в новой Москве планируется запуск линий скоростных трамваев."
176919805;2-комн. кв.;59; 11/14 этаж;5098950;86160;Сдача ГК: 4 кв. 2019 года;"Корпус ""Ватутинки 1"". Уникальный ЖК ""Кленовые Аллеи"", расположенный в новой Москве. Комплекс находится в пешей доступности через дорогу от станции метро ""Ватутинки"".
Рядом с ЖК проходит реконструированное и расширенное Калужское шоссе  теперь это современная скоростная магистраль с освещением, остановками общественного транспорта и пешеходными дорожками. В ближайшие годы в новой Москве планируется запуск линий скоростных трамваев."
185987615;2-комн. кв.;59; 10/14 этаж;5098950;86160;Сдача ГК: 4 кв. 2019 года;"Корпус ""Ватутинки 1"". Уникальный ЖК ""Кленовые Аллеи"", расположенный в новой Москве. Комплекс находится в пешей доступности через дорогу от станции метро ""Ватутинки"".
Рядом с ЖК проходит реконструированное и расширенное Калужское шоссе  теперь это современная скоростная магистраль с освещением, остановками общественного транспорта и пешеходными дорожками. В ближайшие годы в новой Москве планируется запуск линий скоростных трамваев."
189145501;2-комн. кв.;57; 3/17 этаж;5056860;89328;Сдача ГК: 4 кв. 2019 года;"Корпус ""Ватутинки 1"". Уникальный ЖК ""Кленовые Аллеи"", расположенный в новой Москве. Комплекс находится в пешей доступности через дорогу от станции метро ""Ватутинки"".
Рядом с ЖК проходит реконструированное и расширенное Калужское шоссе  теперь это современная скоростная магистраль с освещением, остановками общественного транспорта и пешеходными дорожками. В ближайшие годы в новой Москве планируется запуск линий скоростных трамваев."
189145513;2-комн. кв.;57; 6/17 этаж;5141090;90816;Сдача ГК: 4 кв. 2019 года;"Корпус ""Ватутинки 2"". Уникальный ЖК ""Кленовые Аллеи"", расположенный в новой Москве. Комплекс находится в пешей доступности через дорогу от станции метро ""Ватутинки"".
Рядом с ЖК проходит реконструированное и расширенное Калужское шоссе  теперь это современная скоростная магистраль с освещением, остановками общественного транспорта и пешеходными дорожками. В ближайшие годы в новой Москве планируется запуск линий скоростных трамваев."
189145502;2-комн. кв.;57; 4/17 этаж;5141090;90816;Сдача ГК: 4 кв. 2019 года;"Корпус ""Ватутинки 1"". Уникальный ЖК ""Кленовые Аллеи"", расположенный в новой Москве. Комплекс находится в пешей доступности через дорогу от станции метро ""Ватутинки"".
Рядом с ЖК проходит реконструированное и расширенное Калужское шоссе  теперь это современная скоростная магистраль с освещением, остановками общественного транспорта и пешеходными дорожками. В ближайшие годы в новой Москве планируется запуск линий скоростных трамваев."
189145509;2-комн. кв.;57; 6/17 этаж;5141090;90816;Сдача ГК: 4 кв. 2019 года;"Корпус ""Ватутинки 1"". Уникальный ЖК ""Кленовые Аллеи"", расположенный в новой Москве. Комплекс находится в пешей доступности через дорогу от станции метро ""Ватутинки"".
Рядом с ЖК проходит реконструированное и расширенное Калужское шоссе  теперь это современная скоростная магистраль с освещением, остановками общественного транспорта и пешеходными дорожками. В ближайшие годы в новой Москве планируется запуск линий скоростных трамваев."
189145556;2-комн. кв.;57; 3/15 этаж;5113920;90336;Сдача ГК: 4 кв. 2019 года;"Корпус ""Ватутинки 2"". Уникальный ЖК ""Кленовые Аллеи"", расположенный в новой Москве. Комплекс находится в пешей доступности через дорогу от станции метро ""Ватутинки"".
Рядом с ЖК проходит реконструированное и расширенное Калужское шоссе  теперь это современная скоростная магистраль с освещением, остановками общественного транспорта и пешеходными дорожками. В ближайшие годы в новой Москве планируется запуск линий скоростных трамваев."
189145505;2-комн. кв.;57; 4/17 этаж;5141090;90816;Сдача ГК: 4 кв. 2019 года;"Корпус ""Ватутинки 1"". Уникальный ЖК ""Кленовые Аллеи"", расположенный в новой Москве. Комплекс находится в пешей доступности через дорогу от станции метро ""Ватутинки"".
Рядом с ЖК проходит реконструированное и расширенное Калужское шоссе  теперь это современная скоростная магистраль с освещением, остановками общественного транспорта и пешеходными дорожками. В ближайшие годы в новой Москве планируется запуск линий скоростных трамваев."
189145506;2-комн. кв.;57; 5/17 этаж;5141090;90816;Сдача ГК: 4 кв. 2019 года;"Корпус ""Ватутинки 2"". Уникальный ЖК ""Кленовые Аллеи"", расположенный в новой Москве. Комплекс находится в пешей доступности через дорогу от станции метро ""Ватутинки"".
Рядом с ЖК проходит реконструированное и расширенное Калужское шоссе  теперь это современная скоростная магистраль с освещением, остановками общественного транспорта и пешеходными дорожками. В ближайшие годы в новой Москве планируется запуск линий скоростных трамваев."
189145555;2-комн. кв.;57; 3/15 этаж;5113920;90336;Сдача ГК: 4 кв. 2019 года;"Корпус ""Ватутинки 2"". Уникальный ЖК ""Кленовые Аллеи"", расположенный в новой Москве. Комплекс находится в пешей доступности через дорогу от станции метро ""Ватутинки"".
Рядом с ЖК проходит реконструированное и расширенное Калужское шоссе  теперь это современная скоростная магистраль с освещением, остановками общественного транспорта и пешеходными дорожками. В ближайшие годы в новой Москве планируется запуск линий скоростных трамваев."
189145508;2-комн. кв.;57; 5/17 этаж;5141090;90816;Сдача ГК: 4 кв. 2019 года;"Корпус ""Ватутинки 2"". Уникальный ЖК ""Кленовые Аллеи"", расположенный в новой Москве. Комплекс находится в пешей доступности через дорогу от станции метро ""Ватутинки"".
Рядом с ЖК проходит реконструированное и расширенное Калужское шоссе  теперь это современная скоростная магистраль с освещением, остановками общественного транспорта и пешеходными дорожками. В ближайшие годы в новой Москве планируется запуск линий скоростных трамваев."
185987413;3-комн. кв.;69; 9/17 этаж;6189130;89232;Сдача ГК: 4 кв. 2019 года;"Корпус ""Ватутинки 1"". Уникальный ЖК ""Кленовые Аллеи"", расположенный в новой Москве. Комплекс находится в пешей доступности через дорогу от станции метро ""Ватутинки"".
Рядом с ЖК проходит реконструированное и расширенное Калужское шоссе  теперь это современная скоростная магистраль с освещением, остановками общественного транспорта и пешеходными дорожками. В ближайшие годы в новой Москве планируется запуск линий скоростных трамваев."
189059336;1-комн. кв.;36; 8/14 этаж;3067710;84720;Сдача ГК: 4 кв. 2019 года;"Корпус ""Ватутинки 4"". Уникальный ЖК ""Кленовые Аллеи"", расположенный в новой Москве. Комплекс находится в пешей доступности через дорогу от станции метро ""Ватутинки"".
Рядом с ЖК проходит реконструированное и расширенное Калужское шоссе  теперь это современная скоростная магистраль с освещением, остановками общественного транспорта и пешеходными дорожками. В ближайшие годы в новой Москве планируется запуск линий скоростных трамваев."
176919877;2-комн. кв.;54; 11/14 этаж;4346850;79920;Сдача ГК: 4 кв. 2019 года;"Корпус ""Ватутинки 4"". Уникальный ЖК ""Кленовые Аллеи"", расположенный в новой Москве. Комплекс находится в пешей доступности через дорогу от станции метро ""Ватутинки"".
Рядом с ЖК проходит реконструированное и расширенное Калужское шоссе  теперь это современная скоростная магистраль с освещением, остановками общественного транспорта и пешеходными дорожками. В ближайшие годы в новой Москве планируется запуск линий скоростных трамваев."
189145559;2-комн. кв.;57; 4/15 этаж;5195440;91776;Сдача ГК: 4 кв. 2019 года;"Корпус ""Ватутинки 2"". Уникальный ЖК ""Кленовые Аллеи"", расположенный в новой Москве. Комплекс находится в пешей доступности через дорогу от станции метро ""Ватутинки"".
Рядом с ЖК проходит реконструированное и расширенное Калужское шоссе  теперь это современная скоростная магистраль с освещением, остановками общественного транспорта и пешеходными дорожками. В ближайшие годы в новой Москве планируется запуск линий скоростных трамваев."
189145563;2-комн. кв.;57; 6/15 этаж;5195440;91776;Сдача ГК: 4 кв. 2019 года;"Корпус ""Ватутинки 2"". Уникальный ЖК ""Кленовые Аллеи"", расположенный в новой Москве. Комплекс находится в пешей доступности через дорогу от станции метро ""Ватутинки"".
Рядом с ЖК проходит реконструированное и расширенное Калужское шоссе  теперь это современная скоростная магистраль с освещением, остановками общественного транспорта и пешеходными дорожками. В ближайшие годы в новой Москве планируется запуск линий скоростных трамваев."
189145517;2-комн. кв.;59; 2/15 этаж;5214340;88800;Сдача ГК: 4 кв. 2019 года;"Корпус ""Ватутинки 2"". Уникальный ЖК ""Кленовые Аллеи"", расположенный в новой Москве. Комплекс находится в пешей доступности через дорогу от станции метро ""Ватутинки"".
Рядом с ЖК проходит реконструированное и расширенное Калужское шоссе  теперь это современная скоростная магистраль с освещением, остановками общественного транспорта и пешеходными дорожками. В ближайшие годы в новой Москве планируется запуск линий скоростных трамваев."
176919778;2-комн. кв.;61; 4/14 этаж;5215620;85488;Сдача ГК: 4 кв. 2019 года;"Корпус ""Ватутинки 3"". Уникальный ЖК ""Кленовые Аллеи"", расположенный в новой Москве. Комплекс находится в пешей доступности через дорогу от станции метро ""Ватутинки"".
Рядом с ЖК проходит реконструированное и расширенное Калужское шоссе  теперь это современная скоростная магистраль с освещением, остановками общественного транспорта и пешеходными дорожками. В ближайшие годы в новой Москве планируется запуск линий скоростных трамваев."
185987587;2-комн. кв.;61; 8/14 этаж;5215620;85488;Сдача ГК: 4 кв. 2019 года;"Корпус ""Ватутинки 3"". Уникальный ЖК ""Кленовые Аллеи"", расположенный в новой Москве. Комплекс находится в пешей доступности через дорогу от станции метро ""Ватутинки"".
Рядом с ЖК проходит реконструированное и расширенное Калужское шоссе  теперь это современная скоростная магистраль с освещением, остановками общественного транспорта и пешеходными дорожками. В ближайшие годы в новой Москве планируется запуск линий скоростных трамваев."
176919799;2-комн. кв.;61; 11/14 этаж;5215620;85488;Сдача ГК: 4 кв. 2019 года;"Корпус ""Ватутинки 3"". Уникальный ЖК ""Кленовые Аллеи"", расположенный в новой Москве. Комплекс находится в пешей доступности через дорогу от станции метро ""Ватутинки"".
Рядом с ЖК проходит реконструированное и расширенное Калужское шоссе  теперь это современная скоростная магистраль с освещением, остановками общественного транспорта и пешеходными дорожками. В ближайшие годы в новой Москве планируется запуск линий скоростных трамваев."
173808884;2-комн. кв.;61; 13/14 этаж;5215620;85488;Сдача ГК: 4 кв. 2019 года;"Корпус ""Ватутинки 3"". Уникальный ЖК ""Кленовые Аллеи"", расположенный в новой Москве. Комплекс находится в пешей доступности через дорогу от станции метро ""Ватутинки"".
Рядом с ЖК проходит реконструированное и расширенное Калужское шоссе  теперь это современная скоростная магистраль с освещением, остановками общественного транспорта и пешеходными дорожками. В ближайшие годы в новой Москве планируется запуск линий скоростных трамваев."
173808870;2-комн. кв.;61; 6/14 этаж;5215620;85488;Сдача ГК: 4 кв. 2019 года;"Корпус ""Ватутинки 3"". Уникальный ЖК ""Кленовые Аллеи"", расположенный в новой Москве. Комплекс находится в пешей доступности через дорогу от станции метро ""Ватутинки"".
Рядом с ЖК проходит реконструированное и расширенное Калужское шоссе  теперь это современная скоростная магистраль с освещением, остановками общественного транспорта и пешеходными дорожками. В ближайшие годы в новой Москве планируется запуск линий скоростных трамваев."
176919818;2-комн. кв.;61; 12/14 этаж;5215620;85488;Сдача ГК: 4 кв. 2019 года;"Корпус ""Ватутинки 3"". Уникальный ЖК ""Кленовые Аллеи"", расположенный в новой Москве. Комплекс находится в пешей доступности через дорогу от станции метро ""Ватутинки"".
Рядом с ЖК проходит реконструированное и расширенное Калужское шоссе  теперь это современная скоростная магистраль с освещением, остановками общественного транспорта и пешеходными дорожками. В ближайшие годы в новой Москве планируется запуск линий скоростных трамваев."
185987531;2-комн. кв.;61; 4/14 этаж;5215620;85488;Сдача ГК: 4 кв. 2019 года;"Корпус ""Ватутинки 3"". Уникальный ЖК ""Кленовые Аллеи"", расположенный в новой Москве. Комплекс находится в пешей доступности через дорогу от станции метро ""Ватутинки"".
Рядом с ЖК проходит реконструированное и расширенное Калужское шоссе  теперь это современная скоростная магистраль с освещением, остановками общественного транспорта и пешеходными дорожками. В ближайшие годы в новой Москве планируется запуск линий скоростных трамваев."
180382744;2-комн. кв.;61; 9/14 этаж;5215620;85488;Сдача ГК: 4 кв. 2019 года;"Корпус ""Ватутинки 3"". Уникальный ЖК ""Кленовые Аллеи"", расположенный в новой Москве. Комплекс находится в пешей доступности через дорогу от станции метро ""Ватутинки"".
Рядом с ЖК проходит реконструированное и расширенное Калужское шоссе  теперь это современная скоростная магистраль с освещением, остановками общественного транспорта и пешеходными дорожками. В ближайшие годы в новой Москве планируется запуск линий скоростных трамваев."
185987604;2-комн. кв.;61; 10/14 этаж;5215620;85488;Сдача ГК: 4 кв. 2019 года;"Корпус ""Ватутинки 3"". Уникальный ЖК ""Кленовые Аллеи"", расположенный в новой Москве. Комплекс находится в пешей доступности через дорогу от станции метро ""Ватутинки"".
Рядом с ЖК проходит реконструированное и расширенное Калужское шоссе  теперь это современная скоростная магистраль с освещением, остановками общественного транспорта и пешеходными дорожками. В ближайшие годы в новой Москве планируется запуск линий скоростных трамваев."
185987572;2-комн. кв.;61; 8/14 этаж;5215620;85488;Сдача ГК: 4 кв. 2019 года;"Корпус ""Ватутинки 3"". Уникальный ЖК ""Кленовые Аллеи"", расположенный в новой Москве. Комплекс находится в пешей доступности через дорогу от станции метро ""Ватутинки"".
Рядом с ЖК проходит реконструированное и расширенное Калужское шоссе  теперь это современная скоростная магистраль с освещением, остановками общественного транспорта и пешеходными дорожками. В ближайшие годы в новой Москве планируется запуск линий скоростных трамваев."
173808889;2-комн. кв.;61; 13/14 этаж;5215620;85488;Сдача ГК: 4 кв. 2019 года;"Корпус ""Ватутинки 3"". Уникальный ЖК ""Кленовые Аллеи"", расположенный в новой Москве. Комплекс находится в пешей доступности через дорогу от станции метро ""Ватутинки"".
Рядом с ЖК проходит реконструированное и расширенное Калужское шоссе  теперь это современная скоростная магистраль с освещением, остановками общественного транспорта и пешеходными дорожками. В ближайшие годы в новой Москве планируется запуск линий скоростных трамваев."
173808874;2-комн. кв.;61; 9/14 этаж;5215620;85488;Сдача ГК: 4 кв. 2019 года;"Корпус ""Ватутинки 3"". Уникальный ЖК ""Кленовые Аллеи"", расположенный в новой Москве. Комплекс находится в пешей доступности через дорогу от станции метро ""Ватутинки"".
Рядом с ЖК проходит реконструированное и расширенное Калужское шоссе  теперь это современная скоростная магистраль с освещением, остановками общественного транспорта и пешеходными дорожками. В ближайшие годы в новой Москве планируется запуск линий скоростных трамваев."
185987659;2-комн. кв.;61; 12/14 этаж;5215620;85488;Сдача ГК: 4 кв. 2019 года;"Корпус ""Ватутинки 3"". Уникальный ЖК ""Кленовые Аллеи"", расположенный в новой Москве. Комплекс находится в пешей доступности через дорогу от станции метро ""Ватутинки"".
Рядом с ЖК проходит реконструированное и расширенное Калужское шоссе  теперь это современная скоростная магистраль с освещением, остановками общественного транспорта и пешеходными дорожками. В ближайшие годы в новой Москве планируется запуск линий скоростных трамваев."
185987554;2-комн. кв.;61; 7/14 этаж;5215620;85488;Сдача ГК: 4 кв. 2019 года;"Корпус ""Ватутинки 3"". Уникальный ЖК ""Кленовые Аллеи"", расположенный в новой Москве. Комплекс находится в пешей доступности через дорогу от станции метро ""Ватутинки"".
Рядом с ЖК проходит реконструированное и расширенное Калужское шоссе  теперь это современная скоростная магистраль с освещением, остановками общественного транспорта и пешеходными дорожками. В ближайшие годы в новой Москве планируется запуск линий скоростных трамваев."
189145523;2-комн. кв.;59; 3/15 этаж;5310750;90720;Сдача ГК: 4 кв. 2019 года;"Корпус ""Ватутинки 2"". Уникальный ЖК ""Кленовые Аллеи"", расположенный в новой Москве. Комплекс находится в пешей доступности через дорогу от станции метро ""Ватутинки"".
Рядом с ЖК проходит реконструированное и расширенное Калужское шоссе  теперь это современная скоростная магистраль с освещением, остановками общественного транспорта и пешеходными дорожками. В ближайшие годы в новой Москве планируется запуск линий скоростных трамваев."
185987561;2-комн. кв.;61; 7/14 этаж;5329830;87360;Сдача ГК: 4 кв. 2019 года;"Корпус ""Ватутинки 3"". Уникальный ЖК ""Кленовые Аллеи"", расположенный в новой Москве. Комплекс находится в пешей доступности через дорогу от станции метро ""Ватутинки"".
Рядом с ЖК проходит реконструированное и расширенное Калужское шоссе  теперь это современная скоростная магистраль с освещением, остановками общественного транспорта и пешеходными дорожками. В ближайшие годы в новой Москве планируется запуск линий скоростных трамваев."
173808895;2-комн. кв.;61; 14/14 этаж;5362050;87888;Сдача ГК: 4 кв. 2019 года;"Корпус ""Ватутинки 3"". Уникальный ЖК ""Кленовые Аллеи"", расположенный в новой Москве. Комплекс находится в пешей доступности через дорогу от станции метро ""Ватутинки"".
Рядом с ЖК проходит реконструированное и расширенное Калужское шоссе  теперь это современная скоростная магистраль с освещением, остановками общественного транспорта и пешеходными дорожками. В ближайшие годы в новой Москве планируется запуск линий скоростных трамваев."
189145488;2-комн. кв.;59; 14/17 этаж;5358140;90816;Сдача ГК: 4 кв. 2019 года;"Корпус ""Ватутинки 1"". Уникальный ЖК ""Кленовые Аллеи"", расположенный в новой Москве. Комплекс находится в пешей доступности через дорогу от станции метро ""Ватутинки"".
Рядом с ЖК проходит реконструированное и расширенное Калужское шоссе  теперь это современная скоростная магистраль с освещением, остановками общественного транспорта и пешеходными дорожками. В ближайшие годы в новой Москве планируется запуск линий скоростных трамваев."
189145526;2-комн. кв.;59; 4/15 этаж;5395050;92160;Сдача ГК: 4 кв. 2019 года;"Корпус ""Ватутинки 2"". Уникальный ЖК ""Кленовые Аллеи"", расположенный в новой Москве. Комплекс находится в пешей доступности через дорогу от станции метро ""Ватутинки"".
Рядом с ЖК проходит реконструированное и расширенное Калужское шоссе  теперь это современная скоростная магистраль с освещением, остановками общественного транспорта и пешеходными дорожками. В ближайшие годы в новой Москве планируется запуск линий скоростных трамваев."
173808903;2-комн. кв.;61; 14/14 этаж;5362050;87888;Сдача ГК: 4 кв. 2019 года;"Корпус ""Ватутинки 3"". Уникальный ЖК ""Кленовые Аллеи"", расположенный в новой Москве. Комплекс находится в пешей доступности через дорогу от станции метро ""Ватутинки"".
Рядом с ЖК проходит реконструированное и расширенное Калужское шоссе  теперь это современная скоростная магистраль с освещением, остановками общественного транспорта и пешеходными дорожками. В ближайшие годы в новой Москве планируется запуск линий скоростных трамваев."
189145492;2-комн. кв.;59; 17/17 этаж;5358140;90816;Сдача ГК: 4 кв. 2019 года;"Корпус ""Ватутинки 1"". Уникальный ЖК ""Кленовые Аллеи"", расположенный в новой Москве. Комплекс находится в пешей доступности через дорогу от станции метро ""Ватутинки"".
Рядом с ЖК проходит реконструированное и расширенное Калужское шоссе  теперь это современная скоростная магистраль с освещением, остановками общественного транспорта и пешеходными дорожками. В ближайшие годы в новой Москве планируется запуск линий скоростных трамваев."
189145530;2-комн. кв.;59; 5/15 этаж;5395050;92160;Сдача ГК: 4 кв. 2019 года;"Корпус ""Ватутинки 2"". Уникальный ЖК ""Кленовые Аллеи"", расположенный в новой Москве. Комплекс находится в пешей доступности через дорогу от станции метро ""Ватутинки"".
Рядом с ЖК проходит реконструированное и расширенное Калужское шоссе  теперь это современная скоростная магистраль с освещением, остановками общественного транспорта и пешеходными дорожками. В ближайшие годы в новой Москве планируется запуск линий скоростных трамваев."
173808883;Студия;31; 13/14 этаж;3009510;98640;Сдача ГК: 4 кв. 2019 года;"Корпус ""Ватутинки 1"". Уникальный ЖК ""Кленовые Аллеи"", расположенный в новой Москве. Комплекс находится в пешей доступности через дорогу от станции метро ""Ватутинки"".
Рядом с ЖК проходит реконструированное и расширенное Калужское шоссе  теперь это современная скоростная магистраль с освещением, остановками общественного транспорта и пешеходными дорожками. В ближайшие годы в новой Москве планируется запуск линий скоростных трамваев."
185987413;3-комн. кв.;69; 9/17 этаж;6189130;89232;Сдача ГК: 4 кв. 2019 года;"Корпус ""Ватутинки 1"". Уникальный ЖК ""Кленовые Аллеи"", расположенный в новой Москве. Комплекс находится в пешей доступности через дорогу от станции метро ""Ватутинки"".
Рядом с ЖК проходит реконструированное и расширенное Калужское шоссе  теперь это современная скоростная магистраль с освещением, остановками общественного транспорта и пешеходными дорожками. В ближайшие годы в новой Москве планируется запуск линий скоростных трамваев."
176919877;2-комн. кв.;54; 11/14 этаж;4346850;79920;Сдача ГК: 4 кв. 2019 года;"Корпус ""Ватутинки 1"". Уникальный ЖК ""Кленовые Аллеи"", расположенный в новой Москве. Комплекс находится в пешей доступности через дорогу от станции метро ""Ватутинки"".
Рядом с ЖК проходит реконструированное и расширенное Калужское шоссе  теперь это современная скоростная магистраль с освещением, остановками общественного транспорта и пешеходными дорожками. В ближайшие годы в новой Москве планируется запуск линий скоростных трамваев."
189145490;2-комн. кв.;59; 15/17 этаж;5358140;90816;Сдача ГК: 4 кв. 2019 года;"Корпус ""Ватутинки 2"". Уникальный ЖК ""Кленовые Аллеи"", расположенный в новой Москве. Комплекс находится в пешей доступности через дорогу от станции метро ""Ватутинки"".
Рядом с ЖК проходит реконструированное и расширенное Калужское шоссе  теперь это современная скоростная магистраль с освещением, остановками общественного транспорта и пешеходными дорожками. В ближайшие годы в новой Москве планируется запуск линий скоростных трамваев."
189145486;2-комн. кв.;59; 13/17 этаж;5358140;90816;Сдача ГК: 4 кв. 2019 года;"Корпус ""Ватутинки 1"". Уникальный ЖК ""Кленовые Аллеи"", расположенный в новой Москве. Комплекс находится в пешей доступности через дорогу от станции метро ""Ватутинки"".
Рядом с ЖК проходит реконструированное и расширенное Калужское шоссе  теперь это современная скоростная магистраль с освещением, остановками общественного транспорта и пешеходными дорожками. В ближайшие годы в новой Москве планируется запуск линий скоростных трамваев."
189145485;2-комн. кв.;59; 12/17 этаж;5358140;90816;Сдача ГК: 4 кв. 2019 года;"Корпус ""Ватутинки 2"". Уникальный ЖК ""Кленовые Аллеи"", расположенный в новой Москве. Комплекс находится в пешей доступности через дорогу от станции метро ""Ватутинки"".
Рядом с ЖК проходит реконструированное и расширенное Калужское шоссе  теперь это современная скоростная магистраль с освещением, остановками общественного транспорта и пешеходными дорожками. В ближайшие годы в новой Москве планируется запуск линий скоростных трамваев."
189145544;2-комн. кв.;59; 13/15 этаж;5395050;92160;Сдача ГК: 4 кв. 2019 года;"Корпус ""Ватутинки 2"". Уникальный ЖК ""Кленовые Аллеи"", расположенный в новой Москве. Комплекс находится в пешей доступности через дорогу от станции метро ""Ватутинки"".
Рядом с ЖК проходит реконструированное и расширенное Калужское шоссе  теперь это современная скоростная магистраль с освещением, остановками общественного транспорта и пешеходными дорожками. В ближайшие годы в новой Москве планируется запуск линий скоростных трамваев."
189145491;2-комн. кв.;59; 16/17 этаж;5358140;90816;Сдача ГК: 4 кв. 2019 года;"Корпус ""Ватутинки 2"". Уникальный ЖК ""Кленовые Аллеи"", расположенный в новой Москве. Комплекс находится в пешей доступности через дорогу от станции метро ""Ватутинки"".
Рядом с ЖК проходит реконструированное и расширенное Калужское шоссе  теперь это современная скоростная магистраль с освещением, остановками общественного транспорта и пешеходными дорожками. В ближайшие годы в новой Москве планируется запуск линий скоростных трамваев."
189145533;2-комн. кв.;59; 6/15 этаж;5395050;92160;Сдача ГК: 4 кв. 2019 года;"Корпус ""Ватутинки 2"". Уникальный ЖК ""Кленовые Аллеи"", расположенный в новой Москве. Комплекс находится в пешей доступности через дорогу от станции метро ""Ватутинки"".
Рядом с ЖК проходит реконструированное и расширенное Калужское шоссе  теперь это современная скоростная магистраль с освещением, остановками общественного транспорта и пешеходными дорожками. В ближайшие годы в новой Москве планируется запуск линий скоростных трамваев."
189145538;2-комн. кв.;59; 11/15 этаж;5395050;92160;Сдача ГК: 4 кв. 2019 года;"Корпус ""Ватутинки 2"". Уникальный ЖК ""Кленовые Аллеи"", расположенный в новой Москве. Комплекс находится в пешей доступности через дорогу от станции метро ""Ватутинки"".
Рядом с ЖК проходит реконструированное и расширенное Калужское шоссе  теперь это современная скоростная магистраль с освещением, остановками общественного транспорта и пешеходными дорожками. В ближайшие годы в новой Москве планируется запуск линий скоростных трамваев."
189145547;2-комн. кв.;59; 14/15 этаж;5395050;92160;Сдача ГК: 4 кв. 2019 года;"Корпус ""Ватутинки 2"". Уникальный ЖК ""Кленовые Аллеи"", расположенный в новой Москве. Комплекс находится в пешей доступности через дорогу от станции метро ""Ватутинки"".
Рядом с ЖК проходит реконструированное и расширенное Калужское шоссе  теперь это современная скоростная магистраль с освещением, остановками общественного транспорта и пешеходными дорожками. В ближайшие годы в новой Москве планируется запуск линий скоростных трамваев."
189145551;2-комн. кв.;59; 15/15 этаж;5395050;92160;Сдача ГК: 4 кв. 2019 года;"Корпус ""Ватутинки 2"". Уникальный ЖК ""Кленовые Аллеи"", расположенный в новой Москве. Комплекс находится в пешей доступности через дорогу от станции метро ""Ватутинки"".
Рядом с ЖК проходит реконструированное и расширенное Калужское шоссе  теперь это современная скоростная магистраль с освещением, остановками общественного транспорта и пешеходными дорожками. В ближайшие годы в новой Москве планируется запуск линий скоростных трамваев."
189145524;2-комн. кв.;59; 4/15 этаж;5411640;92160;Сдача ГК: 4 кв. 2019 года;"Корпус ""Ватутинки 2"". Уникальный ЖК ""Кленовые Аллеи"", расположенный в новой Москве. Комплекс находится в пешей доступности через дорогу от станции метро ""Ватутинки"".
Рядом с ЖК проходит реконструированное и расширенное Калужское шоссе  теперь это современная скоростная магистраль с освещением, остановками общественного транспорта и пешеходными дорожками. В ближайшие годы в новой Москве планируется запуск линий скоростных трамваев."
189145536;2-комн. кв.;59; 11/15 этаж;5411640;92160;Сдача ГК: 4 кв. 2019 года;"Корпус ""Ватутинки 2"". Уникальный ЖК ""Кленовые Аллеи"", расположенный в новой Москве. Комплекс находится в пешей доступности через дорогу от станции метро ""Ватутинки"".
Рядом с ЖК проходит реконструированное и расширенное Калужское шоссе  теперь это современная скоростная магистраль с освещением, остановками общественного транспорта и пешеходными дорожками. В ближайшие годы в новой Москве планируется запуск линий скоростных трамваев."
189145543;2-комн. кв.;59; 13/15 этаж;5411640;92160;Сдача ГК: 4 кв. 2019 года;"Корпус ""Ватутинки 2"". Уникальный ЖК ""Кленовые Аллеи"", расположенный в новой Москве. Комплекс находится в пешей доступности через дорогу от станции метро ""Ватутинки"".
Рядом с ЖК проходит реконструированное и расширенное Калужское шоссе  теперь это современная скоростная магистраль с освещением, остановками общественного транспорта и пешеходными дорожками. В ближайшие годы в новой Москве планируется запуск линий скоростных трамваев."
189145545;2-комн. кв.;59; 14/15 этаж;5411640;92160;Сдача ГК: 4 кв. 2019 года;"Корпус ""Ватутинки 2"". Уникальный ЖК ""Кленовые Аллеи"", расположенный в новой Москве. Комплекс находится в пешей доступности через дорогу от станции метро ""Ватутинки"".
Рядом с ЖК проходит реконструированное и расширенное Калужское шоссе  теперь это современная скоростная магистраль с освещением, остановками общественного транспорта и пешеходными дорожками. В ближайшие годы в новой Москве планируется запуск линий скоростных трамваев."
189145539;2-комн. кв.;59; 12/15 этаж;5411640;92160;Сдача ГК: 4 кв. 2019 года;"Корпус ""Ватутинки 2"". Уникальный ЖК ""Кленовые Аллеи"", расположенный в новой Москве. Комплекс находится в пешей доступности через дорогу от станции метро ""Ватутинки"".
Рядом с ЖК проходит реконструированное и расширенное Калужское шоссе  теперь это современная скоростная магистраль с освещением, остановками общественного транспорта и пешеходными дорожками. В ближайшие годы в новой Москве планируется запуск линий скоростных трамваев."
189145532;2-комн. кв.;59; 6/15 этаж;5411640;92160;Сдача ГК: 4 кв. 2019 года;"Корпус ""Ватутинки 2"". Уникальный ЖК ""Кленовые Аллеи"", расположенный в новой Москве. Комплекс находится в пешей доступности через дорогу от станции метро ""Ватутинки"".
Рядом с ЖК проходит реконструированное и расширенное Калужское шоссе  теперь это современная скоростная магистраль с освещением, остановками общественного транспорта и пешеходными дорожками. В ближайшие годы в новой Москве планируется запуск линий скоростных трамваев."
189145529;2-комн. кв.;59; 5/15 этаж;5411640;92160;Сдача ГК: 4 кв. 2019 года;"Корпус ""Ватутинки 1"". Уникальный ЖК ""Кленовые Аллеи"", расположенный в новой Москве. Комплекс находится в пешей доступности через дорогу от станции метро ""Ватутинки"".
Рядом с ЖК проходит реконструированное и расширенное Калужское шоссе  теперь это современная скоростная магистраль с освещением, остановками общественного транспорта и пешеходными дорожками. В ближайшие годы в новой Москве планируется запуск линий скоростных трамваев."
